scenario,fund_tag,horizon_h,n,days,win_rate,avg_ret_net,expectancy,profit_factor,day_t_stat,day_avg
BASELINE_ONLY,+,1,155,12,0.43870967741935485,-0.003977707668674703,-0.003977707668674703,0.7956271177385987,-2.2039726911014994,-0.007914028020506536
BASELINE_ONLY,+,4,155,12,0.44516129032258067,-0.0031848225636834024,-0.0031848225636834024,0.8992789923017838,-1.7569698611959979,-0.013982847434751268
BASELINE_ONLY,+,24,155,12,0.44516129032258067,-0.02880289315150788,-0.02880289315150788,0.6080838961574561,-2.7310051900787737,-0.04477906336644128
BASELINE_ONLY,-,1,63,15,0.42857142857142855,-0.008989602425252595,-0.008989602425252595,0.5899477031215772,-2.0490228509380137,-0.010812612866080411
BASELINE_ONLY,-,4,63,15,0.4126984126984127,-0.011611758546597075,-0.011611758546597075,0.6276434956612554,-2.409439006348872,-0.017135321703934416
BASELINE_ONLY,-,24,63,15,0.38095238095238093,-0.022287223562319235,-0.022287223562319235,0.5028944158841399,-3.973448656780871,-0.02609340465357238
BASELINE_ONLY,0,1,533,15,0.425891181988743,-0.0022917809345032606,-0.0022917809345032606,0.8483583251487706,-0.7847413084261284,-0.002209153785146882
BASELINE_ONLY,0,4,533,15,0.5140712945590994,-0.00020131796194005272,-0.00020131796194005272,0.9906954942676496,-0.30169786114711056,-0.0013871322228224256
BASELINE_ONLY,0,24,533,15,0.5853658536585366,0.014784260425113252,0.014784260425113252,1.4102516756964576,0.457046786957453,0.004237562967178643
Pup_OIup,+,1,176,30,0.5340909090909091,0.009073831643699735,0.009073831643699735,1.4933823867555158,0.2138188804180832,0.0013572998074508032
Pup_OIup,+,4,176,30,0.5795454545454546,0.027893959045369662,0.027893959045369662,1.969711188688521,0.6050583001947843,0.008511647517155234
Pup_OIup,+,24,176,30,0.45454545454545453,0.04167374086631935,0.04167374086631935,1.6068821473376014,0.7977930478448619,0.021003969827959764
Pup_OIup,-,1,167,29,0.3772455089820359,-0.0016722882544856629,-0.0016722882544856629,0.9399422281260316,-1.9987340804972284,-0.009835709130728237
Pup_OIup,-,4,167,29,0.38323353293413176,0.01663682582437943,0.01663682582437943,1.3663450751928943,-1.2498885433863782,-0.019834241460869574
Pup_OIup,-,24,167,29,0.38323353293413176,0.08522369014509697,0.08522369014509697,2.120530933548339,-0.11067870868174709,-0.005913420301487227
Pup_OIup,0,1,623,34,0.449438202247191,-0.0008934328051039732,-0.0008934328051039732,0.9535251037550383,-0.6422337278251338,-0.002045706062669865
Pup_OIup,0,4,623,34,0.434991974317817,0.004108587849871562,0.004108587849871562,1.1366226834273627,-0.0534936633306228,-0.0004854514316339909
Pup_OIup,0,24,623,34,0.43980738362760835,0.02435259552770849,0.02435259552770849,1.4583198236499044,0.5152038210363621,0.008585439301777163
Pdown_OIup,+,1,76,24,0.35526315789473684,-0.013855970493454705,-0.013855970493454705,0.48349662590380743,-1.4337903826145388,-0.01142967107901322
Pdown_OIup,+,4,76,24,0.40789473684210525,-0.022931603633450603,-0.022931603633450603,0.48975417288317097,-1.7039924666250457,-0.020654791566197952
Pdown_OIup,+,24,76,24,0.4342105263157895,-0.03988286584165561,-0.03988286584165561,0.5811352093452742,-1.1042406977932626,-0.03445991359370887
Pdown_OIup,-,1,74,23,0.3783783783783784,-0.008266991605642761,-0.008266991605642761,0.6406482806050438,-0.0054784086056914785,-7.307503945873241e-05
Pdown_OIup,-,4,74,23,0.5135135135135135,-0.0032308415303421083,-0.0032308415303421083,0.9076254127588661,0.19461972407911685,0.00373585605360382
Pdown_OIup,-,24,74,23,0.5135135135135135,-0.04036668356321569,-0.04036668356321569,0.6108154558497083,0.015125715213511911,0.0007141586210625526
Pdown_OIup,0,1,211,30,0.3791469194312796,-0.009105860733869825,-0.009105860733869825,0.5702584582126939,-2.963145577682064,-0.013953336986521746
Pdown_OIup,0,4,211,30,0.46919431279620855,-0.009510676916843817,-0.009510676916843817,0.7093312648155803,-0.06254963568009492,-0.0012608637340688783
Pdown_OIup,0,24,211,30,0.5118483412322274,-0.022829398468229234,-0.022829398468229234,0.6714740403254725,-0.696371722325795,-0.01786937347333744
Pup_OIdown,+,1,71,24,0.4788732394366197,-0.006597276996530427,-0.006597276996530427,0.7042690661044811,-1.8284314053864348,-0.012671974187553404
Pup_OIdown,+,4,71,24,0.5915492957746479,0.016608647487361922,0.016608647487361922,1.6838487957102575,0.3240247386312741,0.0036034011223754357
Pup_OIdown,+,24,71,24,0.49295774647887325,0.008277986717254698,0.008277986717254698,1.1078454416287606,0.3702196426789366,0.011030137911967568
Pup_OIdown,-,1,46,19,0.45652173913043476,0.005412721112817419,0.005412721112817419,1.247974297903459,0.19829015902817182,0.002300357400994812
Pup_OIdown,-,4,46,19,0.5434782608695652,-0.009696540155044193,-0.009696540155044193,0.7128592843585918,-0.37992721066017054,-0.005245891789496663
Pup_OIdown,-,24,46,19,0.45652173913043476,0.07476851754852894,0.07476851754852894,2.2655047878156904,1.1692975231460632,0.07455801433816422
Pup_OIdown,0,1,219,28,0.45662100456621,-0.0008489529790423772,-0.0008489529790423772,0.9577866752040212,-1.0898483052173829,-0.016573377244086803
Pup_OIdown,0,4,219,28,0.4063926940639269,0.003038266786193716,0.003038266786193716,1.094044764124198,-0.3610000791594844,-0.007569144877387328
Pup_OIdown,0,24,219,28,0.45662100456621,0.023783970242813306,0.023783970242813306,1.5051878792279314,0.9418905665702224,0.026494815949556074
Pdown_OIdown,+,1,68,28,0.45588235294117646,-0.010763678252669785,-0.010763678252669785,0.44938396968705013,-2.0851042551720393,-0.009440979509805847
Pdown_OIdown,+,4,68,28,0.38235294117647056,-0.027324586184651934,-0.027324586184651934,0.3114941362572373,-2.0986119092106135,-0.01854432207510032
Pdown_OIdown,+,24,68,28,0.36764705882352944,-0.06353840965721651,-0.06353840965721651,0.32726844755197454,-2.006161359656913,-0.05836070146883719
Pdown_OIdown,-,1,35,19,0.4,0.00517757412164483,0.00517757412164483,1.3619331629598903,0.4903378374012347,0.007847246026708134
Pdown_OIdown,-,4,35,19,0.4857142857142857,0.018264855202455323,0.018264855202455323,2.0681212270460096,0.7227791963870905,0.013449926969484284
Pdown_OIdown,-,24,35,19,0.6571428571428571,-0.07248544557677095,-0.07248544557677095,0.4196074273035488,-0.9500862498753047,-0.15867655670959002
Pdown_OIdown,0,1,227,33,0.42731277533039647,-0.0003213014381582882,-0.0003213014381582882,0.9751264749145961,-0.6737874028987945,-0.003205624620364196
Pdown_OIdown,0,4,227,33,0.5286343612334802,-9.150432271625058e-05,-9.150432271625058e-05,0.9955964189648437,-1.481225591086616,-0.015207753424248977
Pdown_OIdown,0,24,227,33,0.47577092511013214,0.0034131675743548913,0.0034131675743548913,1.1072610969814205,1.3138910308426335,0.01747824786141731
