scenario,horizon_h,n,days,win_rate,avg_ret_net,expectancy,profit_factor,day_t_stat,day_avg,price_thr,vol_thr,split
Pup_OIdown,1,1192,35,0.45721476510067116,0.00040956661913563614,0.00040956661913563614,1.0334784226531653,-0.730089995522241,-0.00423561329762929,2.0,1.5,all
Pup_OIdown,4,1192,35,0.4597315436241611,0.001957679787901635,0.001957679787901635,1.0935237371535862,-0.3367000954479776,-0.002935724801752759,2.0,1.5,all
Pup_OIdown,24,1192,35,0.45050335570469796,0.0127461828072762,0.0127461828072762,1.3155428551108181,0.8622041834596709,0.010591178311030049,2.0,1.5,all
Pup_OIup,1,3059,36,0.42922523700555737,-3.7895853893865056e-05,-3.7895853893865056e-05,0.9971565028678192,-1.1375831688114602,-0.0012655034131294112,2.0,1.5,all
Pup_OIup,4,3059,36,0.4373978424321674,0.0035772056458155455,0.0035772056458155455,1.1623977662926679,0.8893322994522802,0.0024670246679188448,2.0,1.5,all
Pup_OIup,24,3059,36,0.45864661654135336,0.026682411253021236,0.026682411253021236,1.6541890292045478,1.44846550336632,0.019171332179897856,2.0,1.5,all
Pup_OIdown,1,797,34,0.4880803011292346,0.002265882708741807,0.002265882708741807,1.1801454584614517,-0.5543175434227957,-0.0069112661326155254,2.0,2.0,all
Pup_OIdown,4,797,34,0.46800501882057716,0.0023820733839974664,0.0023820733839974664,1.111572613875847,-0.45300525022356164,-0.00723866615471646,2.0,2.0,all
Pup_OIdown,24,797,34,0.4466750313676286,0.013250805801051608,0.013250805801051608,1.3227525106971731,0.22556180718138374,0.00438246698882549,2.0,2.0,all
Pup_OIup,1,2412,36,0.43407960199004975,0.00041499201712907527,0.00041499201712907527,1.0299810452554856,-0.6522311079218113,-0.0008412038921168526,2.0,2.0,all
Pup_OIup,4,2412,36,0.44029850746268656,0.004406613843608452,0.004406613843608452,1.1932828215865838,0.8548715875760727,0.0025812262973015825,2.0,2.0,all
Pup_OIup,24,2412,36,0.4481757877280265,0.025918345644851078,0.025918345644851078,1.6169714617365702,1.305710381508403,0.01789191618016125,2.0,2.0,all
Pup_OIdown,1,425,31,0.5035294117647059,0.0042409002200796755,0.0042409002200796755,1.3379972746731539,-0.45182448997934566,-0.006426100574153698,2.0,3.0,all
Pup_OIdown,4,425,31,0.5035294117647059,0.007641327569521903,0.007641327569521903,1.3810913077077518,-0.269733796648546,-0.00493837951813769,2.0,3.0,all
Pup_OIdown,24,425,31,0.49176470588235294,0.026507080426001233,0.026507080426001233,1.7453653282304928,0.6548524640136949,0.015190305419811697,2.0,3.0,all
Pup_OIup,1,1545,36,0.4401294498381877,0.0002871874135512643,0.0002871874135512643,1.0190340111730316,-0.8183641178113529,-0.0013038533423563334,2.0,3.0,all
Pup_OIup,4,1545,36,0.44271844660194176,0.0035583625497969677,0.0035583625497969677,1.145189912875831,0.2628545504386174,0.0009612170784934519,2.0,3.0,all
Pup_OIup,24,1545,36,0.42718446601941745,0.024318736568247873,0.024318736568247873,1.523943554860037,0.966280135944697,0.013834174471224649,2.0,3.0,all
Pup_OIdown,1,262,29,0.5038167938931297,0.00403878473636321,0.00403878473636321,1.3105978156298324,0.7761542850809192,0.005333260394868586,2.0,4.0,all
Pup_OIdown,4,262,29,0.4847328244274809,0.007794872833637969,0.007794872833637969,1.3899098178278206,0.5218707379175554,0.004145041143310613,2.0,4.0,all
Pup_OIdown,24,262,29,0.48854961832061067,0.02395643490131754,0.02395643490131754,1.7037991046351477,2.155106635476771,0.02590374337752194,2.0,4.0,all
Pup_OIup,1,1037,36,0.4541947926711668,-0.00020887981425923778,-0.00020887981425923778,0.9875119779819864,-0.9276693173040926,-0.001917555570997073,2.0,4.0,all
Pup_OIup,4,1037,36,0.4503375120540019,0.0039046876843835164,0.0039046876843835164,1.1491501191916216,-0.46790579052714215,-0.004308410571295233,2.0,4.0,all
Pup_OIup,24,1037,36,0.4416586306653809,0.033011243343931164,0.033011243343931164,1.7099144696734747,0.9542491527090494,0.01592781715815163,2.0,4.0,all
Pup_OIdown,1,903,35,0.4440753045404208,-6.084689062672862e-05,-6.084689062672862e-05,0.9956186710141187,-0.4896256810230872,-0.002998085582532291,2.5,1.5,all
Pup_OIdown,4,903,35,0.45514950166112955,0.0010728271691757653,0.0010728271691757653,1.044971263567864,0.09508897630034362,0.0009046666484320404,2.5,1.5,all
Pup_OIdown,24,903,35,0.45071982281284606,0.01562282653095832,0.01562282653095832,1.351196376021672,1.2197487315747804,0.016412253463368116,2.5,1.5,all
Pup_OIup,1,2322,36,0.42764857881136953,0.00013978228878049433,0.00013978228878049433,1.0093359158933644,-0.7705384219844839,-0.001063509706498509,2.5,1.5,all
Pup_OIup,4,2322,36,0.43583118001722654,0.004417331783200991,0.004417331783200991,1.180308745703463,0.8634716914791147,0.003189179416777841,2.5,1.5,all
Pup_OIup,24,2322,36,0.45564168819982775,0.029935054669562717,0.029935054669562717,1.6627357212207847,1.3558446968211075,0.020267680864435807,2.5,1.5,all
Pup_OIdown,1,637,33,0.4772370486656201,0.0016368646908155916,0.0016368646908155916,1.1144700986185185,-0.5411221042722097,-0.00698858961438401,2.5,2.0,all
Pup_OIdown,4,637,33,0.46781789638932497,0.002074529824198698,0.002074529824198698,1.0866976785642875,-0.4027151539899176,-0.006715879362308821,2.5,2.0,all
Pup_OIdown,24,637,33,0.44583987441130296,0.016170413997194,0.016170413997194,1.363483535907398,0.3502375379143164,0.007237477017140036,2.5,2.0,all
Pup_OIup,1,1917,36,0.433489827856025,0.0004282327242189615,0.0004282327242189615,1.0279504880975725,-0.461791190586728,-0.0006908363715550196,2.5,2.0,all
Pup_OIup,4,1917,36,0.4397496087636933,0.004904272644985953,0.004904272644985953,1.1956483929447894,0.663458710421748,0.0027977148649789177,2.5,2.0,all
Pup_OIup,24,1917,36,0.4480959833072509,0.02874044697170625,0.02874044697170625,1.6278257011295794,1.1683336218571174,0.018003064440680137,2.5,2.0,all
Pup_OIdown,1,357,31,0.4789915966386555,0.0029866083738432515,0.0029866083738432515,1.2111031180094523,-0.3151465493691328,-0.004797349929172237,2.5,3.0,all
Pup_OIdown,4,357,31,0.4957983193277311,0.006396342670505327,0.006396342670505327,1.2865723248406729,-0.27303075970046586,-0.005204899533124184,2.5,3.0,all
Pup_OIdown,24,357,31,0.4957983193277311,0.030811872851675026,0.030811872851675026,1.8467609612510683,0.9343995280907422,0.023087112229665044,2.5,3.0,all
Pup_OIup,1,1293,35,0.43464810518174785,-0.0002104697301828388,-0.0002104697301828388,0.9872956005428947,-0.848752175558041,-0.0024755554573029806,2.5,3.0,all
Pup_OIup,4,1293,35,0.43155452436194897,0.0031105413240566215,0.0031105413240566215,1.1167060156476687,-0.535531850987459,-0.005436526278007344,2.5,3.0,all
Pup_OIup,24,1293,35,0.4238205723124517,0.02602250480746403,0.02602250480746403,1.5223885755616955,0.37791545040598257,0.007217805765787999,2.5,3.0,all
Pup_OIdown,1,230,29,0.4782608695652174,0.002949714409817677,0.002949714409817677,1.2050759174558368,0.7754970405349239,0.007468730253826708,2.5,4.0,all
Pup_OIdown,4,230,29,0.48695652173913045,0.006151588263092601,0.006151588263092601,1.283276939320952,0.309455237130425,0.002699586624349664,2.5,4.0,all
Pup_OIdown,24,230,29,0.4956521739130435,0.028234087504828444,0.028234087504828444,1.8037470938698936,2.3068898591055897,0.033089920756197516,2.5,4.0,all
Pup_OIup,1,904,35,0.4424778761061947,-0.0005137910863322379,-0.0005137910863322379,0.9715517132256426,-1.0190521489970212,-0.0034698518847575063,2.5,4.0,all
Pup_OIup,4,904,35,0.4413716814159292,0.004761177131037358,0.004761177131037358,1.1699215873429978,-0.6622221215938408,-0.011700779767822383,2.5,4.0,all
Pup_OIup,24,904,35,0.43473451327433627,0.03368944847441881,0.03368944847441881,1.676789947192643,0.30771806806909796,0.006981465212813456,2.5,4.0,all
Pup_OIdown,1,686,34,0.4329446064139942,-0.0009899376605722239,-0.0009899376605722239,0.9388595613126277,-0.44930509618465353,-0.0028616076427961106,3.0,1.5,all
Pup_OIdown,4,686,34,0.4387755102040816,0.0014952359997721391,0.0014952359997721391,1.0572675460028678,-0.0729481127707197,-0.0007184413855394173,3.0,1.5,all
Pup_OIdown,24,686,34,0.4518950437317784,0.020452655790917092,0.020452655790917092,1.4280253295585064,1.4276193107039394,0.02168640314477587,3.0,1.5,all
Pup_OIup,1,1769,36,0.43244771057094405,9.789130493008196e-05,9.789130493008196e-05,1.005800389404331,-0.41392501586673147,-0.0006668360350364449,3.0,1.5,all
Pup_OIup,4,1769,36,0.44601469756924816,0.005807059371029423,0.005807059371029423,1.2132160051075194,0.825887656568615,0.004422326971727317,3.0,1.5,all
Pup_OIup,24,1769,36,0.4499717354437535,0.034936251510978886,0.034936251510978886,1.6888289650701138,1.182209281443279,0.021887660300510155,3.0,1.5,all
Pup_OIdown,1,500,33,0.468,0.0007818883808668222,0.0007818883808668222,1.0472692758269397,-0.4801492395228044,-0.006257446028270042,3.0,2.0,all
Pup_OIdown,4,500,33,0.458,0.003301170766967626,0.003301170766967626,1.1279895412746321,-0.29393279580563025,-0.00494410108604365,3.0,2.0,all
Pup_OIdown,24,500,33,0.448,0.023019299244874076,0.023019299244874076,1.4876568840983488,0.6234067127093453,0.013512024079109113,3.0,2.0,all
Pup_OIup,1,1504,36,0.43617021276595747,8.938724090630738e-05,8.938724090630738e-05,1.0051877721953393,-0.2603135053091493,-0.0004415754320478117,3.0,2.0,all
Pup_OIup,4,1504,36,0.44680851063829785,0.006117776685859724,0.006117776685859724,1.220066080229177,0.7826454436126085,0.004258906705972652,3.0,2.0,all
Pup_OIup,24,1504,36,0.4461436170212766,0.034530139752114594,0.034530139752114594,1.6802000874072456,1.1766587215961961,0.021805535274024065,3.0,2.0,all
Pup_OIdown,1,293,30,0.46757679180887374,0.002093594168727714,0.002093594168727714,1.1281771263294198,-0.30843420775620944,-0.004878012877310266,3.0,3.0,all
Pup_OIdown,4,293,30,0.4880546075085324,0.008077696571683108,0.008077696571683108,1.3327001714955282,-0.16336655782672893,-0.0032753748512008084,3.0,3.0,all
Pup_OIdown,24,293,30,0.5119453924914675,0.03924559998173717,0.03924559998173717,2.0314555851010376,1.3522601802619005,0.0365052559677541,3.0,3.0,all
Pup_OIup,1,1066,35,0.4343339587242026,-0.0005166462744708545,-0.0005166462744708545,0.9717521596898587,-0.9477885482143132,-0.0028694408795017557,3.0,3.0,all
Pup_OIup,4,1066,35,0.4399624765478424,0.0036994640206086484,0.0036994640206086484,1.1266186385401198,-0.5238198183707319,-0.0054497105733444535,3.0,3.0,all
Pup_OIup,24,1066,35,0.4202626641651032,0.029732978971515476,0.029732978971515476,1.5443229072485831,0.43622959525541216,0.009413837129657803,3.0,3.0,all
Pup_OIdown,1,198,28,0.47474747474747475,0.0023044700629208225,0.0023044700629208225,1.145266030558517,0.9316801070013733,0.009396893902559099,3.0,4.0,all
Pup_OIdown,4,198,28,0.5,0.008566184691219038,0.008566184691219038,1.3808178241737012,0.6115466540469499,0.005687235376225881,3.0,4.0,all
Pup_OIdown,24,198,28,0.5151515151515151,0.03331339365171299,0.03331339365171299,1.9071324291847593,2.430092664015676,0.04153455282290615,3.0,4.0,all
Pup_OIup,1,784,35,0.43494897959183676,-0.0012287136388019553,-0.0012287136388019553,0.9373308228786031,-1.1263655327446809,-0.003968954402075804,3.0,4.0,all
Pup_OIup,4,784,35,0.4451530612244898,0.005179159102835635,0.005179159102835635,1.1712629191547337,-0.6481932600959508,-0.011572714631477568,3.0,4.0,all
Pup_OIup,24,784,35,0.42346938775510207,0.03552466225044975,0.03552466225044975,1.6589218207882177,0.33511206424832185,0.00838587228009192,3.0,4.0,all
Pup_OIup,1,1399,36,0.43388134381701216,-0.00021673123288842318,-0.00021673123288842318,0.9886425013024046,-0.5782200437872824,-0.0010306566650583608,3.5,1.5,all
Pup_OIup,4,1399,36,0.44674767691208006,0.0072751939306526315,0.0072751939306526315,1.2408820152003213,0.7599292214209635,0.0048495120737242,3.5,1.5,all
Pup_OIup,24,1399,36,0.4410293066476054,0.0408238311680287,0.0408238311680287,1.7297085706631758,1.1697758561796734,0.02425806081338579,3.5,1.5,all
Pup_OIdown,1,550,33,0.4309090909090909,-0.001440312451580331,-0.001440312451580331,0.9215348359131493,-0.2846332944217481,-0.0019614082710142826,3.5,1.5,all
Pup_OIdown,4,550,33,0.43636363636363634,0.001822039471683878,0.001822039471683878,1.061899801014466,0.32857068993469896,0.003767189243918565,3.5,1.5,all
Pup_OIdown,24,550,33,0.4618181818181818,0.020011036658673275,0.020011036658673275,1.3789615562159607,1.41307152155803,0.0248336680748526,3.5,1.5,all
Pup_OIup,1,1209,36,0.4392059553349876,-0.00031718878984203643,-0.00031718878984203643,0.9836130406204796,-0.5282624435045635,-0.0010006968151756554,3.5,2.0,all
Pup_OIup,4,1209,36,0.45244003308519437,0.008055152528324016,0.008055152528324016,1.2649320385134855,0.6662919685281963,0.004375024187791979,3.5,2.0,all
Pup_OIup,24,1209,36,0.4392059553349876,0.03885878077337977,0.03885878077337977,1.6961305958418924,1.0167632009983967,0.02136096272935921,3.5,2.0,all
Pup_OIdown,1,414,33,0.463768115942029,0.00043331259563475293,0.00043331259563475293,1.0233382946255765,-0.3000727400573828,-0.004051049569904729,3.5,2.0,all
Pup_OIdown,4,414,33,0.45169082125603865,0.0035034539871840083,0.0035034539871840083,1.1223142180171983,0.06150845349270066,0.0011071392137525175,3.5,2.0,all
Pup_OIdown,24,414,33,0.45169082125603865,0.021684267542102988,0.021684267542102988,1.4209912105922473,0.646794929242691,0.014829504627451962,3.5,2.0,all
Pup_OIup,1,898,35,0.4354120267260579,-0.0008330047498265812,-0.0008330047498265812,0.9583124657623563,-0.9316024113680771,-0.0029074110919881,3.5,3.0,all
Pup_OIup,4,898,35,0.4465478841870824,0.005180659332348551,0.005180659332348551,1.1659529344967416,-0.36784261207761443,-0.003915762768129863,3.5,3.0,all
Pup_OIup,24,898,35,0.4209354120267261,0.034394863690180986,0.034394863690180986,1.5889962197074015,0.46785607620787756,0.011138084012485713,3.5,3.0,all
Pup_OIdown,1,250,30,0.448,0.0012799576349772728,0.0012799576349772728,1.0699838258673275,-0.365511527249733,-0.005791696749238437,3.5,3.0,all
Pup_OIdown,4,250,30,0.472,0.007899815478204524,0.007899815478204524,1.292626818276987,-0.2342021247415851,-0.00468937058089217,3.5,3.0,all
Pup_OIdown,24,250,30,0.5,0.03656532839088263,0.03656532839088263,1.891183097368868,1.2337390565492474,0.03456639121076186,3.5,3.0,all
Pup_OIup,1,683,35,0.43191800878477304,-0.001441396346269288,-0.001441396346269288,0.9313000443900591,-1.0783791434003709,-0.003880859406926656,3.5,4.0,all
Pup_OIup,4,683,35,0.4465592972181552,0.006332176591802936,0.006332176591802936,1.1986171649509927,-0.5710823810483153,-0.010296415698454681,3.5,4.0,all
Pup_OIup,24,683,35,0.42020497803806733,0.04040565041498596,0.04040565041498596,1.7149366886579713,0.34916297097581034,0.009188618654261814,3.5,4.0,all
Pup_OIdown,1,168,28,0.44642857142857145,0.0012247815044535593,0.0012247815044535593,1.068507743579687,0.781404349208376,0.008024389328805644,3.5,4.0,all
Pup_OIdown,4,168,28,0.4880952380952381,0.008722335256751482,0.008722335256751482,1.3505999381582252,0.38541828668057104,0.0035491159769566083,3.5,4.0,all
Pup_OIdown,24,168,28,0.5,0.03210805077092652,0.03210805077092652,1.8065786910113444,1.9729842499798091,0.03906702780305364,3.5,4.0,all
Pup_OIup,1,909,36,0.43344334433443343,0.0001245752791028119,0.0001245752791028119,1.005606212379715,-0.822454318216969,-0.0019441135494406038,4.5,1.5,all
Pup_OIup,4,909,36,0.45434543454345433,0.011769389769892767,0.011769389769892767,1.3428105619949176,0.5602227550418781,0.004644089828297017,4.5,1.5,all
Pup_OIup,24,909,36,0.4444444444444444,0.049309163880250605,0.049309163880250605,1.7782752406132634,0.9630001938752901,0.023208916283419964,4.5,1.5,all
Pup_OIdown,1,352,31,0.42329545454545453,-0.002787496863399441,-0.002787496863399441,0.8745614628069751,-1.1313703019849042,-0.00862957203235459,4.5,1.5,all
Pup_OIdown,4,352,31,0.42613636363636365,-0.0009426394651913445,-0.0009426394651913445,0.9737687621862231,-0.48886223463664885,-0.006325927869374403,4.5,1.5,all
Pup_OIdown,24,352,31,0.4744318181818182,0.022887728027624534,0.022887728027624534,1.370716474853819,1.0634800323025977,0.02820481996359113,4.5,1.5,all
Pup_OIup,1,808,36,0.43564356435643564,0.00015609958034341296,0.00015609958034341296,1.0069465995679523,-0.8108835281168001,-0.0020987697962056105,4.5,2.0,all
Pup_OIup,4,808,36,0.4603960396039604,0.012340456435644338,0.012340456435644338,1.358566577998955,0.4187223607332888,0.0036548998322254275,4.5,2.0,all
Pup_OIup,24,808,36,0.4368811881188119,0.04362494834981544,0.04362494834981544,1.6871532392880013,0.7436655210124293,0.017917524943343963,4.5,2.0,all
Pup_OIdown,1,269,30,0.4646840148698885,-0.000517157130742256,-0.000517157130742256,0.9768361094361331,-0.767779455946732,-0.011011003519560435,4.5,2.0,all
Pup_OIdown,4,269,30,0.43866171003717475,0.0013927733182761929,0.0013927733182761929,1.039624325464396,-0.4434604373060191,-0.008783338386303345,4.5,2.0,all
Pup_OIdown,24,269,30,0.4684014869888476,0.02598169611812744,0.02598169611812744,1.4299249395305302,0.7810182272388174,0.024557475902857825,4.5,2.0,all
Pup_OIup,1,636,35,0.4386792452830189,-0.0004378822383401845,-0.0004378822383401845,0.9807659273634689,-0.9741523206584474,-0.003512692590078345,4.5,3.0,all
Pup_OIup,4,636,35,0.46540880503144655,0.008312564123436035,0.008312564123436035,1.2416707206106081,-0.17298661744144836,-0.002013473122441059,4.5,3.0,all
Pup_OIup,24,636,35,0.43553459119496857,0.04026313426017375,0.04026313426017375,1.6194600137301292,0.5227509219744525,0.014566433325485408,4.5,3.0,all
Pup_OIdown,1,176,29,0.4375,0.0011612211957825924,0.0011612211957825924,1.055528388111487,-0.07110817074780106,-0.0014231283154463104,4.5,3.0,all
Pup_OIdown,4,176,29,0.4431818181818182,0.009113752812064425,0.009113752812064425,1.281952436120819,0.055490943119866326,0.0013266263921506351,4.5,3.0,all
Pup_OIdown,24,176,29,0.5113636363636364,0.04351716993857349,0.04351716993857349,1.9186462668812103,1.3248638967422968,0.04644391544835032,4.5,3.0,all
Pup_OIup,1,504,35,0.4365079365079365,-0.0007581012321502523,-0.0007581012321502523,0.967867183141667,-1.0146416595457037,-0.004030113697434255,4.5,4.0,all
Pup_OIup,4,504,35,0.4603174603174603,0.009233363297278687,0.009233363297278687,1.2671156876456215,-0.4559360753745512,-0.008532971838566515,4.5,4.0,all
Pup_OIup,24,504,35,0.43253968253968256,0.04934452152359653,0.04934452152359653,1.7989804615930605,0.3620302695312286,0.011084985806681342,4.5,4.0,all
Pup_OIdown,1,119,27,0.42016806722689076,0.0003585263467335689,0.0003585263467335689,1.017434812581094,0.6547545289576484,0.013341598412967115,4.5,4.0,all
Pup_OIdown,4,119,27,0.46218487394957986,0.012032607519022421,0.012032607519022421,1.4170606368032517,0.8463805287408496,0.011896086947520887,4.5,4.0,all
Pup_OIdown,24,119,27,0.5210084033613446,0.03596972219276259,0.03596972219276259,1.7725153841016503,1.8246152365192967,0.05371243764852269,4.5,4.0,all
Pup_OIup,1,560,35,0.45357142857142857,0.0033233702334659423,0.0033233702334659423,1.1308547962628095,0.22503729998855895,0.0008134589077066118,6.0,1.5,all
Pup_OIup,4,560,35,0.46964285714285714,0.020542417105880922,0.020542417105880922,1.5094496659287768,0.40718375070174556,0.005037787861895236,6.0,1.5,all
Pup_OIup,24,560,35,0.425,0.049794593811392195,0.049794593811392195,1.6361030433114905,0.47632193471339385,0.014060808739301309,6.0,1.5,all
Pup_OIdown,1,221,31,0.4298642533936652,-0.004427778942629592,-0.004427778942629592,0.8292573765409962,-1.018179147175466,-0.014491793055228101,6.0,1.5,all
Pup_OIdown,4,221,31,0.4434389140271493,0.002947503092485151,0.002947503092485151,1.072451948511612,-0.33518737283875416,-0.006901332573852976,6.0,1.5,all
Pup_OIdown,24,221,31,0.48868778280542985,0.02080522210376744,0.02080522210376744,1.314680854414818,0.44441877832570503,0.012140690372670562,6.0,1.5,all
Pup_OIup,1,506,35,0.44664031620553357,0.0027397627707087513,0.0027397627707087513,1.1061901314282618,-0.28915675723013223,-0.0012640012831597663,6.0,2.0,all
Pup_OIup,4,506,35,0.4723320158102767,0.020859542272271946,0.020859542272271946,1.5219181973609681,0.1011080599061417,0.0014490750497933374,6.0,2.0,all
Pup_OIup,24,506,35,0.4209486166007905,0.05133902863311261,0.05133902863311261,1.6672883519101636,0.39144598698204425,0.012415578495032867,6.0,2.0,all
Pup_OIdown,1,177,30,0.4519774011299435,-0.002201972025125212,-0.002201972025125212,0.9146332108707755,-0.6008725829720507,-0.009005419050192195,6.0,2.0,all
Pup_OIdown,4,177,30,0.4406779661016949,0.004688773759084881,0.004688773759084881,1.1200227082954275,-0.11402739604058673,-0.002419409802824423,6.0,2.0,all
Pup_OIdown,24,177,30,0.4745762711864407,0.01648278098453405,0.01648278098453405,1.244711349351459,0.480439305023106,0.013529571230203354,6.0,2.0,all
Pup_OIup,1,413,35,0.44552058111380144,0.00100505129654488,0.00100505129654488,1.038246064523856,-0.541535427078716,-0.0023177486818478353,6.0,3.0,all
Pup_OIup,4,413,35,0.47699757869249393,0.012507676178216095,0.012507676178216095,1.3061703616090496,0.04504607053986556,0.0005988760538634506,6.0,3.0,all
Pup_OIup,24,413,35,0.41404358353510895,0.04234900597773756,0.04234900597773756,1.535639278730181,0.3009000364823285,0.009329988769057962,6.0,3.0,all
Pup_OIdown,1,117,29,0.41025641025641024,0.0022957555999240944,0.0022957555999240944,1.0931776574205472,-0.061552944314441194,-0.0012531816123786852,6.0,3.0,all
Pup_OIdown,4,117,29,0.4188034188034188,0.014184032602785524,0.014184032602785524,1.3866806138546497,0.1586325680365276,0.003971497874152219,6.0,3.0,all
Pup_OIdown,24,117,29,0.5299145299145299,0.054244153362768346,0.054244153362768346,2.0989332136404086,1.4603853152449184,0.054387919485677644,6.0,3.0,all
Pup_OIup,1,346,35,0.4479768786127168,0.0009295740477257966,0.0009295740477257966,1.0347261784963062,-0.612604818022195,-0.0027690670635779242,6.0,4.0,all
Pup_OIup,4,346,35,0.4682080924855491,0.013179117999793533,0.013179117999793533,1.3271563158362172,-0.35980841328195545,-0.007269198836543187,6.0,4.0,all
Pup_OIup,24,346,35,0.42196531791907516,0.05519813714984827,0.05519813714984827,1.7703841459454122,0.3733800972703079,0.013024607708373633,6.0,4.0,all
Pup_OIdown,1,80,27,0.4,0.0030895775532386745,0.0030895775532386745,1.1358888646405012,0.6846414669209152,0.014169634503833862,6.0,4.0,all
Pup_OIdown,4,80,27,0.4625,0.02100863391218807,0.02100863391218807,1.6678551133481536,1.2102331410966796,0.018974084175981037,6.0,4.0,all
Pup_OIdown,24,80,27,0.5375,0.04781897183019286,0.04781897183019286,2.027415020892968,1.8833668629250273,0.05722402645034344,6.0,4.0,all
