scenario,horizon_h,n,days,win_rate,avg_ret_net,expectancy,profit_factor,day_t_stat,day_avg,split
S1,1,146,12,0.4452054794520548,-0.005554971876145369,-0.005554971876145369,0.7175243053122669,-1.7062592627376156,-0.012405086929369287,all
S1,4,146,12,0.4315068493150685,-0.0034757507930324462,-0.0034757507930324462,0.8707657216495588,-1.032254480039241,-0.02148201972002002,all
S1,24,146,12,0.4452054794520548,-0.004489908737512061,-0.004489908737512061,0.9307114595840126,-0.6407824157834126,-0.018540538171921705,all
S2,1,93,13,0.5483870967741935,0.005100872091678275,0.005100872091678275,1.3037968922259755,1.1948526046614514,0.00744356060830905,all
S2,4,93,13,0.45161290322580644,-0.0009472311794089674,-0.0009472311794089674,0.9711803824399472,0.8573466740773272,0.018678923285342337,all
S2,24,93,13,0.40860215053763443,-0.02011634098165407,-0.02011634098165407,0.7051425655176751,-0.8118031728048503,-0.016212138949687406,all
S7,1,93,12,0.6559139784946236,0.006765638270015321,0.006765638270015321,1.6608664993129718,0.5567591741582423,0.005118410187367354,all
S7,4,93,12,0.6881720430107527,0.010787072604365306,0.010787072604365306,1.8069580492960842,1.1040450666773876,0.011404611631363177,all
S7,24,93,12,0.3548387096774194,-0.015275328090184686,-0.015275328090184686,0.5745065833480902,-0.320982277014081,-0.00432123832027037,all
S8,1,33,11,0.48484848484848486,-0.002095099418346663,-0.002095099418346663,0.8469492812505397,-0.921969793922966,-0.010551484728390076,all
S8,4,33,11,0.42424242424242425,-0.052682251916760105,-0.052682251916760105,0.2173777140672565,-2.0212659043591676,-0.12748173619977543,all
S8,24,33,11,0.45454545454545453,-0.05210180894588499,-0.05210180894588499,0.4191581560705813,-1.510774788399685,-0.10158169134528937,all
