indicator,bucket,cut_low,cut_high,n,win_rate,avg_ret_net,profit_factor,split
rsi,low,54.8919,72.9516,1788,0.3920581655480984,-0.006597386313841548,0.6686522856294751,all
rsi,mid,54.8919,72.9516,1787,0.45775041969781755,0.0009022657022176023,1.053551335967432,all
rsi,high,54.8919,72.9516,1787,0.45775041969781755,-0.0006664754090673598,0.9700543794335774,all
percent_b,low,0.6632,1.1641,1788,0.39093959731543626,-0.0070420036266303915,0.6460412973600638,all
percent_b,mid,0.6632,1.1641,1787,0.46278679350867374,0.0005838353106050887,1.0295130890703879,all
percent_b,high,0.6632,1.1641,1787,0.45383324006715164,9.682110188844031e-05,1.0050066918213654,all
bbw,low,0.1155,0.2376,1788,0.39932885906040266,-0.0027819424828667946,0.776329949788019,all
bbw,mid,0.1155,0.2376,1787,0.43760492445439286,-0.0023503485032048154,0.8659442094628089,all
bbw,high,0.1155,0.2376,1787,0.4706211527700056,-0.0012314401458849299,0.9576087976025617,all
