scenario,horizon_h,n,days,win_rate,avg_ret_net,expectancy,profit_factor,day_t_stat,day_avg,split
BASELINE_ONLY,1,736,11,0.43070652173913043,-0.0018121443239069053,-0.0018121443239069053,0.8918777280416452,-1.0504058139720955,-0.002532737287389858,train
BASELINE_ONLY,4,736,11,0.4904891304347826,-0.0015623671664041462,-0.0015623671664041462,0.9404614878458141,-1.3231901298288276,-0.003533240253383389,train
BASELINE_ONLY,24,736,11,0.5475543478260869,0.003185116416944854,0.003185116416944854,1.069569787019852,-0.11879504078539269,-0.0006436017263339642,train
Pup_OIup,1,711,25,0.45147679324894513,0.0034661760528409873,0.0034661760528409873,1.165838471266688,1.0886587280311113,0.002511214949720201,train
Pup_OIup,4,711,25,0.4767932489451477,0.021080372381534693,0.021080372381534693,1.6786538098459203,1.9245580804192104,0.015313978048377981,train
Pup_OIup,24,711,25,0.45147679324894513,0.06436203599245847,0.06436203599245847,2.1477649259584455,1.7095701869862492,0.04713455828341788,train
Pdown_OIup,1,304,25,0.3815789473684211,-0.012083284315469942,-0.012083284315469942,0.48630072703081917,-2.1743561355224026,-0.009766021727634171,train
Pdown_OIup,4,304,25,0.47039473684210525,-0.01489077737898376,-0.01489077737898376,0.6060653922692889,-1.77347602381011,-0.015930771257578767,train
Pdown_OIup,24,304,25,0.5131578947368421,-0.034891800498311996,-0.034891800498311996,0.5935328948261446,-2.281011814254881,-0.051652412370467776,train
Pup_OIdown,1,300,25,0.48,0.0008996092630590058,0.0008996092630590058,1.0472033493825816,0.8452556290120625,0.003965992628678193,train
Pup_OIdown,4,300,25,0.4766666666666667,0.007517071677126904,0.007517071677126904,1.2598417620724927,1.4923088396302224,0.011747710624980994,train
Pup_OIdown,24,300,25,0.47,0.03304489878638596,0.03304489878638596,1.6024879746453444,2.2402449697185185,0.056438676379271,train
Pdown_OIdown,1,210,25,0.34285714285714286,-0.007487374621505213,-0.007487374621505213,0.5545057051948166,-2.000053650695151,-0.00746297786431591,train
Pdown_OIdown,4,210,25,0.41904761904761906,-0.010255615792534062,-0.010255615792534062,0.645542606850446,-1.9082576818812838,-0.014835680140088006,train
Pdown_OIdown,24,210,25,0.5238095238095238,-0.019911437482326086,-0.019911437482326086,0.6812661398254943,-1.2707797326772123,-0.048035309830350564,train
BASELINE_ONLY,1,32,5,0.40625,-0.008189975441528767,-0.008189975441528767,0.5296496045140652,-2.9834800367307883,-0.007356262243427146,test
BASELINE_ONLY,4,32,5,0.5625,-0.00770650133733628,-0.00770650133733628,0.6168343769605805,-0.9537749385914576,-0.009515933191010056,test
BASELINE_ONLY,24,32,5,0.3125,-0.02953605540086326,-0.02953605540086326,0.2303060334086008,-2.053557136979351,-0.02798269227340368,test
Pup_OIup,1,255,10,0.4549019607843137,-0.0066797552170889014,-0.0066797552170889014,0.6595285570493838,-2.111998381145918,-0.011792494575698165,test
Pup_OIup,4,255,10,0.3843137254901961,-0.018591403247626502,-0.018591403247626502,0.49005561438036327,-2.189351487787712,-0.035292041554449045,test
Pup_OIup,24,255,10,0.3803921568627451,-0.035383552667341896,-0.035383552667341896,0.49928625911564634,-3.5859406672883987,-0.060301380815488984,test
Pdown_OIup,1,57,8,0.3333333333333333,0.0015293101883545141,0.0015293101883545141,1.0821280967214257,-1.114623633120235,-0.014299612570540979,test
Pdown_OIup,4,57,8,0.43859649122807015,0.009441392006481674,0.009441392006481674,1.3799289680447642,0.7030881128642953,0.04850234341008143,test
Pdown_OIup,24,57,8,0.40350877192982454,-0.0040022475956721145,-0.0040022475956721145,0.9344166057041228,1.0398221798432017,0.06604282752665866,test
Pup_OIdown,1,36,5,0.3055555555555556,-0.01875624935811226,-0.01875624935811226,0.47034309607656444,-1.1167625876855467,-0.08936948710041241,test
Pup_OIdown,4,36,5,0.3611111111111111,-0.02379355423586066,-0.02379355423586066,0.4883368072887854,-0.6560089628891065,-0.07600094717716227,test
Pup_OIdown,24,36,5,0.4166666666666667,-0.0188247580161739,-0.0188247580161739,0.6651326603124628,-1.1129445259964563,-0.11898369405818887,test
Pdown_OIdown,1,120,10,0.5833333333333334,0.007905818476084892,0.007905818476084892,1.7695577146759698,1.2505948867276724,0.008734135916981934,test
Pdown_OIdown,4,120,10,0.625,0.007617549222543071,0.007617549222543071,1.4716349804662814,0.6543843028948098,0.00548715713772376,test
Pdown_OIdown,24,120,10,0.38333333333333336,-0.01584509617675556,-0.01584509617675556,0.6118188597869311,0.02016449549116509,0.00032289539568801216,test
