链,地址,交易所,置信度,来源,入库时间,Nansen验证,Arkham验证,验证结论,备注
arbitrum,0x18b2a687610328590bc8f2e5fedde3b582a49cda,Binance,medium,evm-propagate,2026-08-24 05:48:17.957263+00:00,,,,
arbitrum,0x3CC936b795A188F0e246cBB2D74C5Bd78aeDA06F,MEXC,medium,evm-propagate,2026-08-24 19:00:01.716552+00:00,,,,
arbitrum,0x75e89d5979E4f6Fba9F97c104c2F0AFB3F1dcB88,MEXC,medium,evm-propagate,2026-08-24 19:00:01.716552+00:00,,,,
avalanche,0x18b2a687610328590bc8f2e5fedde3b582a49cda,Binance,medium,evm-propagate,2026-08-24 05:48:17.957263+00:00,,,,
avalanche,0x3CC936b795A188F0e246cBB2D74C5Bd78aeDA06F,MEXC,medium,evm-propagate,2026-08-24 19:00:01.716552+00:00,,,,
avalanche,0x75e89d5979E4f6Fba9F97c104c2F0AFB3F1dcB88,MEXC,medium,evm-propagate,2026-08-24 19:00:01.716552+00:00,,,,
base,0x18b2a687610328590bc8f2e5fedde3b582a49cda,Binance,medium,evm-propagate,2026-08-24 05:48:17.957263+00:00,,,,
base,0x3CC936b795A188F0e246cBB2D74C5Bd78aeDA06F,MEXC,medium,evm-propagate,2026-08-24 19:00:01.716552+00:00,,,,
base,0x75e89d5979E4f6Fba9F97c104c2F0AFB3F1dcB88,MEXC,medium,evm-propagate,2026-08-24 19:00:01.716552+00:00,,,,
bsc,0x18b2a687610328590bc8f2e5fedde3b582a49cda,Binance,medium,bscscan-label,2026-08-18 03:07:37.238270+00:00,,,,
eth,0x001866ae5b3de6caa5a51543fd9fb64f524f5478,Binance,medium,auto_community,2026-08-27 06:34:06.637592+00:00,,,,
eth,0x00799bbc833d5b168f0410312d2a8fd9e0e3079c,Binance,medium,auto_community,2026-08-27 06:34:06.637592+00:00,,,,
eth,0x043a80999cee3711d372fb878768909fbe7f71e6,Binance,medium,auto_community,2026-08-27 06:34:06.637592+00:00,,,,
eth,0x06a0048079ec6571cd1b537418869cde6191d42d,Binance,medium,auto_community,2026-08-27 06:34:06.637592+00:00,,,,
eth,0x0b95993a39a363d99280ac950f5e4536ab5c5566,Binance,medium,auto_community,2026-08-27 06:34:06.637592+00:00,,,,
eth,0x1074253202528777561f83817d413e91bfa671d4,Binance,medium,auto_community,2026-08-27 06:34:06.637592+00:00,,,,
eth,0x141fef8cd8397a390afe94846c8bd6f4ab981c48,Binance,medium,auto_community,2026-08-27 06:34:06.637592+00:00,,,,
eth,0x15ece0d7de25436bcfcf3d62a9085ddc7838aee9,Binance,medium,auto_community,2026-08-27 06:34:06.637592+00:00,,,,
eth,0x170c7c38419767816cc7ec519da67d1a4dc43826,Binance,medium,auto_community,2026-08-27 06:34:06.637592+00:00,,,,
eth,0x19184ab45c40c2920b0e0e31413b9434abd243ed,Binance,medium,auto_community,2026-08-27 06:34:06.637592+00:00,,,,
eth,0x294b9b133ca7bc8ed2cdd03ba661a4c6d3a834d9,Binance,medium,auto_community,2026-08-27 06:34:06.637592+00:00,,,,
eth,0x2e581a5ae722207aa59acd3939771e7c7052dd3d,Binance,medium,auto_community,2026-08-27 06:34:06.637592+00:00,,,,
eth,0x2f47a1c2db4a3b78cda44eade915c3b19107ddcc,Binance,medium,auto_community,2026-08-27 06:34:06.637592+00:00,,,,
eth,0x2f7e209e0f5f645c7612d7610193fe268f118b28,Binance,medium,auto_community,2026-08-27 06:34:06.637592+00:00,,,,
eth,0x345d8e3a1f62ee6b1d483890976fd66168e390f2,Binance,medium,auto_community,2026-08-27 06:34:06.637592+00:00,,,,
eth,0x44592b81c05b4c35efb8424eb9d62538b949ebbf,Binance,medium,auto_community,2026-08-27 06:34:06.637592+00:00,,,,
eth,0x4976a4a02f38326660d17bf34b431dc6e2eb2327,Binance,medium,auto_community,2026-08-27 06:34:06.637592+00:00,,,,
eth,0x4d9ff50ef4da947364bb9650892b2554e7be5e2b,Binance,medium,auto_community,2026-08-27 06:34:06.637592+00:00,,,,
eth,0x4fabb145d64652a948d72533023f6e7a623c7c53,Binance,medium,auto_community,2026-08-27 06:34:06.637592+00:00,,,,
eth,0x50d669f43b484166680ecc3670e4766cdb0945ce,Binance,medium,auto_community,2026-08-27 06:34:06.637592+00:00,,,,
eth,0x56eddb7aa87536c09ccc2793473599fd21a8b17f,Binance,medium,auto_community,2026-08-27 06:34:06.637592+00:00,,,,
eth,0x5d7f34372fa8708e09689d400a613eee67f75543,Binance,medium,auto_community,2026-08-27 06:34:06.637592+00:00,,,,
eth,0x61189da79177950a7272c88c6058b96d4bcd6be2,Binance,medium,auto_community,2026-08-27 06:34:06.637592+00:00,,,,
eth,0x708396f17127c42383e3b9014072679b2f60b82f,Binance,medium,auto_community,2026-08-27 06:34:06.637592+00:00,,,,
eth,0x7dfe9a368b6cf0c0309b763bb8d16da326e8f46e,Binance,medium,auto_community,2026-08-27 06:34:06.637592+00:00,,,,
eth,0x85b931a32a0725be14285b66f1a22178c672d69b,Binance,medium,auto_community,2026-08-27 06:34:06.637592+00:00,,,,
eth,0x892e9e24aea3f27f4c6e9360e312cce93cc98ebe,Binance,medium,auto_community,2026-08-27 06:34:06.637592+00:00,,,,
eth,0x8b99f3660622e21f2910ecca7fbe51d654a1517d,Binance,medium,auto_community,2026-08-27 06:34:06.637592+00:00,,,,
eth,0x8f22f2063d253846b53609231ed80fa571bc0c8f,Binance,medium,auto_community,2026-08-27 06:34:06.637592+00:00,,,,
eth,0x8f80c66c70cbc52009babb04c1cadf9b40109289,Binance,medium,auto_community,2026-08-27 06:34:06.637592+00:00,,,,
eth,0x9430801ebaf509ad49202aabc5f5bc6fd8a3daf8,Binance,medium,auto_community,2026-08-27 06:34:06.637592+00:00,,,,
eth,0x9696f59e4d72e237be84ffd425dcad154bf96976,Binance,medium,auto_community,2026-08-27 06:34:06.637592+00:00,,,,
eth,0xa344c7ada83113b3b56941f6e85bf2eb425949f3,Binance,medium,auto_community,2026-08-27 06:34:06.637592+00:00,,,,
eth,0xab83d182f3485cf1d6ccdd34c7cfef95b4c08da4,Binance,medium,auto_community,2026-08-27 06:34:06.637592+00:00,,,,
eth,0xb3f923eabaf178fc1bd8e13902fc5c61d3ddef5b,Binance,medium,auto_community,2026-08-27 06:34:06.637592+00:00,,,,
eth,0xb8c77482e45f1f44de1745f52c74426c631bdd52,Binance,medium,auto_community,2026-08-27 06:34:06.637592+00:00,,,,
eth,0xbdd75a97c29294ff805fb2fee65abd99492b32a8,Binance,medium,auto_community,2026-08-27 06:34:06.637592+00:00,,,,
eth,0xc365c3315cf926351ccaf13fa7d19c8c4058c8e1,Binance,medium,auto_community,2026-08-27 06:34:06.637592+00:00,,,,
eth,0xc3c8e0a39769e2308869f7461364ca48155d1d9e,Binance,medium,auto_community,2026-08-27 06:34:06.637592+00:00,,,,
eth,0xc9a2c4868f0f96faaa739b59934dc9cb304112ec,Binance,medium,auto_community,2026-08-27 06:34:06.637592+00:00,,,,
eth,0xd88b55467f58af508dbfdc597e8ebd2ad2de49b3,Binance,medium,auto_community,2026-08-27 06:34:06.637592+00:00,,,,
eth,0xd9d93951896b4ef97d251334ef2a0e39f6f6d7d7,Binance,medium,auto_community,2026-08-27 06:34:06.637592+00:00,,,,
eth,0xe0f0cfde7ee664943906f17f7f14342e76a5cec7,Binance,medium,auto_community,2026-08-27 06:34:06.637592+00:00,,,,
eth,0x0b73f67a49273fc4b9a65dbd25d7d0918e734e63,Bitfinex,medium,auto_community,2026-08-27 06:34:06.637592+00:00,,,,
eth,0x0e55c54249f25f70d519b7fb1c20e3331e7ba76d,Bitfinex,medium,auto_community,2026-08-27 06:34:06.637592+00:00,,,,
eth,0x1151314c646ce4e0efd76d1af4760ae66a9fe30f,Bitfinex,medium,auto_community,2026-08-27 06:34:06.637592+00:00,,,,
eth,0x14d06788090769f669427b6aea1c0240d2321f34,Bitfinex,medium,auto_community,2026-08-27 06:34:06.637592+00:00,,,,
eth,0x1b29dd8ff0eb3240238bf97cafd6edea05d5ba82,Bitfinex,medium,auto_community,2026-08-27 06:34:06.637592+00:00,,,,
eth,0x2903cadbe271e057edef157340b52a5898d7424f,Bitfinex,medium,auto_community,2026-08-27 06:34:06.637592+00:00,,,,
eth,0x2af5d2ad76741191d15dfe7bf6ac92d4bd912ca3,Bitfinex,medium,auto_community,2026-08-27 06:34:06.637592+00:00,,,,
eth,0x2ee3b2df6534abc759ffe994f7b8dcdfaa02cd31,Bitfinex,medium,auto_community,2026-08-27 06:34:06.637592+00:00,,,,
eth,0x30a2ebf10f34c6c4874b0bdd5740690fd2f3b70c,Bitfinex,medium,auto_community,2026-08-27 06:34:06.637592+00:00,,,,
eth,0x36928500bc1dcd7af6a2b4008875cc336b927d57,Bitfinex,medium,auto_community,2026-08-27 06:34:06.637592+00:00,,,,
eth,0x36a85757645e8e8aec062a1dee289c7d615901ca,Bitfinex,medium,auto_community,2026-08-27 06:34:06.637592+00:00,,,,
eth,0x3f7e77b627676763997344a1ad71acb765fc8ac5,Bitfinex,medium,auto_community,2026-08-27 06:34:06.637592+00:00,,,,
eth,0x482f02e8bc15b5eabc52c6497b425b3ca3c821e8,Bitfinex,medium,auto_community,2026-08-27 06:34:06.637592+00:00,,,,
eth,0x4fdd5eb2fb260149a3903859043e962ab89d8ed4,Bitfinex,medium,auto_community,2026-08-27 06:34:06.637592+00:00,,,,
eth,0x59448fe20378357f206880c58068f095ae63d5a5,Bitfinex,medium,auto_community,2026-08-27 06:34:06.637592+00:00,,,,
eth,0x5dbdebcae07cc958ba5290ff9deaae554e29e7b4,Bitfinex,medium,auto_community,2026-08-27 06:34:06.637592+00:00,,,,
eth,0x69c6dcc8f83b196605fa1076897af0e7e2b6b044,Bitfinex,medium,auto_community,2026-08-27 06:34:06.637592+00:00,,,,
eth,0x7180eb39a6264938fdb3effd7341c4727c382153,Bitfinex,medium,auto_community,2026-08-27 06:34:06.637592+00:00,,,,
eth,0x742d35cc6634c0532925a3b844bc454e4438f44e,Bitfinex,medium,auto_community,2026-08-27 06:34:06.637592+00:00,,,,
eth,0x77134cbc06cb00b66f4c7e623d5fdbf6777635ec,Bitfinex,medium,auto_community,2026-08-27 06:34:06.637592+00:00,,,,
eth,0x7727e5113d1d161373623e5f49fd568b4f543a9e,Bitfinex,medium,auto_community,2026-08-27 06:34:06.637592+00:00,,,,
eth,0x8103683202aa8da10536036edef04cdd865c225e,Bitfinex,medium,auto_community,2026-08-27 06:34:06.637592+00:00,,,,
eth,0x8d5a41e85f4ce2433beef476305d307b9205d98d,Bitfinex,medium,auto_community,2026-08-27 06:34:06.637592+00:00,,,,
eth,0xab7c74abc0c4d48d1bdad5dcb26153fc8780f83e,Bitfinex,medium,auto_community,2026-08-27 06:34:06.637592+00:00,,,,
eth,0xc56fefd1028b0534bfadcdb580d3519b5586246e,Bitfinex,medium,auto_community,2026-08-27 06:34:06.637592+00:00,,,,
eth,0xc61b9bb3a7a0767e3179713f3a5c7a9aedce193c,Bitfinex,medium,auto_community,2026-08-27 06:34:06.637592+00:00,,,,
eth,0xc6cde7c39eb2f0f0095f41570af89efc2c1ea828,Bitfinex,medium,auto_community,2026-08-27 06:34:06.637592+00:00,,,,
eth,0xcafb10ee663f465f9d10588ac44ed20ed608c11e,Bitfinex,medium,auto_community,2026-08-27 06:34:06.637592+00:00,,,,
eth,0xdcd0272462140d0a3ced6c4bf970c7641f08cd2c,Bitfinex,medium,auto_community,2026-08-27 06:34:06.637592+00:00,,,,
eth,0xe1f3c653248de6894d683cb2f10de7ca2253046f,Bitfinex,medium,auto_community,2026-08-27 06:34:06.637592+00:00,,,,
eth,0xe92d1a43df510f82c66382592a047d288f85226f,Bitfinex,medium,auto_community,2026-08-27 06:34:06.637592+00:00,,,,
eth,0x03599a2429871e6be1b154fb9c24691f9d301865,Bithumb,medium,auto_community,2026-08-27 06:34:06.637592+00:00,,,,
eth,0x15878e87c685f866edfaf454be6dc06fa517b35b,Bithumb,medium,auto_community,2026-08-27 06:34:06.637592+00:00,,,,
eth,0x186549a4ae594fc1f70ba4cffdac714b405be3f9,Bithumb,medium,auto_community,2026-08-27 06:34:06.637592+00:00,,,,
eth,0x2140efd7ba31169c69dfff6cdc66c542f0211825,Bithumb,medium,auto_community,2026-08-27 06:34:06.637592+00:00,,,,
eth,0x3052cd6bf951449a984fe4b5a38b46aef9455c8e,Bithumb,medium,auto_community,2026-08-27 06:34:06.637592+00:00,,,,
eth,0x31d03f07178bcd74f9099afebd23b0ae30184ab5,Bithumb,medium,auto_community,2026-08-27 06:34:06.637592+00:00,,,,
eth,0x3b83cd1a8e516b6eb9f1af992e9354b15a6f9672,Bithumb,medium,auto_community,2026-08-27 06:34:06.637592+00:00,,,,
eth,0x3fbe1f8fc5ddb27d428aa60f661eaaab0d2000ce,Bithumb,medium,auto_community,2026-08-27 06:34:06.637592+00:00,,,,
eth,0x5521a68d4f8253fc44bfb1490249369b3e299a4a,Bithumb,medium,auto_community,2026-08-27 06:34:06.637592+00:00,,,,
eth,0x558553d54183a8542f7832742e7b4ba9c33aa1e6,Bithumb,medium,auto_community,2026-08-27 06:34:06.637592+00:00,,,,
eth,0x88d34944cf554e9cccf4a24292d891f620e9c94f,Bithumb,medium,auto_community,2026-08-27 06:34:06.637592+00:00,,,,
eth,0x8fa8af91c675452200e49b4683a33ca2e1a34e42,Bithumb,medium,auto_community,2026-08-27 06:34:06.637592+00:00,,,,
eth,0xa0ff1e0f30b5dda2dc01e7e828290bc72b71e57d,Bithumb,medium,auto_community,2026-08-27 06:34:06.637592+00:00,,,,
eth,0xb4460b75254ce0563bb68ec219208344c7ea838c,Bithumb,medium,auto_community,2026-08-27 06:34:06.637592+00:00,,,,
eth,0xbb5a0408fa54287b9074a2f47ab54c855e95ef82,Bithumb,medium,auto_community,2026-08-27 06:34:06.637592+00:00,,,,
eth,0xc1da8f69e4881efe341600620268934ef01a3e63,Bithumb,medium,auto_community,2026-08-27 06:34:06.637592+00:00,,,,
eth,0xd273bd546b11bd60214a2f9d71f22a088aafe31b,Bithumb,medium,auto_community,2026-08-27 06:34:06.637592+00:00,,,,
eth,0xed48dc0628789c2956b1e41726d062a86ec45bff,Bithumb,medium,auto_community,2026-08-27 06:34:06.637592+00:00,,,,
eth,0xeea81c4416d71cef071224611359f6f99a4c4294,BitMEX,medium,auto_community,2026-08-27 06:34:06.637592+00:00,,,,
eth,0xfb8131c260749c7835a08ccbdb64728de432858e,BitMEX,medium,auto_community,2026-08-27 06:34:06.637592+00:00,,,,
eth,0x00bdb5699745f5b860228c8f939abf1b9ae374ed,Bitstamp,medium,auto_community,2026-08-27 06:34:06.637592+00:00,,,,
eth,0x059799f2261d37b829c2850cee67b5b975432271,Bitstamp,medium,auto_community,2026-08-27 06:34:06.637592+00:00,,,,
eth,0x1522900b6dafac587d499a862861c0869be6e428,Bitstamp,medium,auto_community,2026-08-27 06:34:06.637592+00:00,,,,
eth,0x4c766def136f59f6494f0969b1355882080cf8e0,Bitstamp,medium,auto_community,2026-08-27 06:34:06.637592+00:00,,,,
eth,0x538d72ded42a76a30f730292da939e0577f22f57,Bitstamp,medium,auto_community,2026-08-27 06:34:06.637592+00:00,,,,
eth,0x964771f6df31eea2d927fa71d7bd78e81bcdce05,Bitstamp,medium,auto_community,2026-08-27 06:34:06.637592+00:00,,,,
eth,0x9a9bed3eb03e386d66f8a29dc67dc29bbb1ccb72,Bitstamp,medium,auto_community,2026-08-27 06:34:06.637592+00:00,,,,
eth,0xc5b611f502a0dcf6c3188fd494061ae29b2baa4f,Bitstamp,medium,auto_community,2026-08-27 06:34:06.637592+00:00,,,,
eth,0xfca70e67b3f93f679992cd36323eeb5a5370c8e4,Bitstamp,medium,auto_community,2026-08-27 06:34:06.637592+00:00,,,,
eth,0x66f820a414680b5bcda5eeca5dea238543f42054,Bittrex,medium,auto_community,2026-08-27 06:34:06.637592+00:00,,,,
eth,0xa3c1e324ca1ce40db73ed6026c4a177f099b5770,Bittrex,medium,auto_community,2026-08-27 06:34:06.637592+00:00,,,,
eth,0xe94b04a0fed112f3664e45adb2b8915693dd5ff3,Bittrex,medium,auto_community,2026-08-27 06:34:06.637592+00:00,,,,
eth,0xfbb1b73c4f0bda4f67dca266ce6ef42f520fbb98,Bittrex,medium,auto_community,2026-08-27 06:34:06.637592+00:00,,,,
eth,0xf89d7b9c864f589bbf53a82105107622b35eaa40,Bybit,medium,auto_community,2026-08-27 06:34:06.637592+00:00,,,,
eth,0x02466e547bfdab679fc49e96bbfc62b9747d997c,Coinbase,medium,auto_community,2026-08-27 06:34:06.637592+00:00,,,,
eth,0x02d24cab4f2c3bf6e6eb07ea07e45f96baccffe7,Coinbase,medium,auto_community,2026-08-27 06:34:06.637592+00:00,,,,
eth,0x4b23d52eff7c67f5992c2ab6d3f69b13a6a33561,Coinbase,medium,auto_community,2026-08-27 06:34:06.637592+00:00,,,,
eth,0x503828976d22510aad0201ac7ec88293211d23da,Coinbase,medium,auto_community,2026-08-27 06:34:06.637592+00:00,,,,
eth,0x6b76f8b1e9e59913bfe758821887311ba1805cab,Coinbase,medium,auto_community,2026-08-27 06:34:06.637592+00:00,,,,
eth,0x6c8dd0e9cc58c07429e065178d88444b60e60b80,Coinbase,medium,auto_community,2026-08-27 06:34:06.637592+00:00,,,,
eth,0x71660c4005ba85c37ccec55d0c4493e66fe775d3,Coinbase,medium,auto_community,2026-08-27 06:34:06.637592+00:00,,,,
eth,0x77696bb39917c91a0c3908d577d5e322095425ca,Coinbase,medium,auto_community,2026-08-27 06:34:06.637592+00:00,,,,
eth,0x7c195d981abfdc3ddecd2ca0fed0958430488e34,Coinbase,medium,auto_community,2026-08-27 06:34:06.637592+00:00,,,,
eth,0x881d4032abe4188e2237efcd27ab435e81fc6bb1,Coinbase,medium,auto_community,2026-08-27 06:34:06.637592+00:00,,,,
eth,0x90e18a6920985dbacc3d76cf27a3f2131923c720,Coinbase,medium,auto_community,2026-08-27 06:34:06.637592+00:00,,,,
eth,0x95a9bd206ae52c4ba8eecfc93d18eacdd41c88cc,Coinbase,medium,auto_community,2026-08-27 06:34:06.637592+00:00,,,,
eth,0xa9d1e08c7793af67e9d92fe308d5697fb81d3e43,Coinbase,medium,auto_community,2026-08-27 06:34:06.637592+00:00,,,,
eth,0xb739d0895772dbb71a89a3754a160269068f0d45,Coinbase,medium,auto_community,2026-08-27 06:34:06.637592+00:00,,,,
eth,0xbc8ec259e3026ae0d87bc442d034d6882ce4a35c,Coinbase,medium,auto_community,2026-08-27 06:34:06.637592+00:00,,,,
eth,0xbe3c68821d585cf1552214897a1c091014b1eb0a,Coinbase,medium,auto_community,2026-08-27 06:34:06.637592+00:00,,,,
eth,0xce352e98934499be70f641353f16a47d9e1e3abd,Coinbase,medium,auto_community,2026-08-27 06:34:06.637592+00:00,,,,
eth,0xd2276af80582cac230edc4c42e9a9c096f3c09aa,Coinbase,medium,auto_community,2026-08-27 06:34:06.637592+00:00,,,,
eth,0xd688aea8f7d450909ade10c47faa95707b0682d9,Coinbase,medium,auto_community,2026-08-27 06:34:06.637592+00:00,,,,
eth,0xeb2629a2734e272bcc07bda959863f316f4bd4cf,Coinbase,medium,auto_community,2026-08-27 06:34:06.637592+00:00,,,,
eth,0xf6874c88757721a02f47592140905c4336dfbc61,Coinbase,medium,auto_community,2026-08-27 06:34:06.637592+00:00,,,,
eth,0x4571f3a386d1bd18e25d70d117e7067fa0bd9d08,Coinbit,medium,auto_community,2026-08-27 06:34:06.637592+00:00,,,,
eth,0x497baef294c11a5f0f5bea3f2adb3073db448b56,Coinbit,medium,auto_community,2026-08-27 06:34:06.637592+00:00,,,,
eth,0xf29226914595052a04f5afbe6410d0c3ed707548,Coinbit,medium,auto_community,2026-08-27 06:34:06.637592+00:00,,,,
eth,0xfff3ada5a2555a2b59bff4f44dfad90146cce8cb,Coinbit,medium,auto_community,2026-08-27 06:34:06.637592+00:00,,,,
eth,0x167a9333bf582556f35bd4d16a7e80e191aa6476,Coinone,medium,auto_community,2026-08-27 06:34:06.637592+00:00,,,,
eth,0x1e2fcfd26d36183f1a5d90f0e6296915b02bcb40,Coinone,medium,auto_community,2026-08-27 06:34:06.637592+00:00,,,,
eth,0x35da6abcb08f2b6164fe380bb6c47bd8f2304d55,Coinone,medium,auto_community,2026-08-27 06:34:06.637592+00:00,,,,
eth,0x7a1ba53c0e2d218df39e76e4efbf0455978cc23e,Coinone,medium,auto_community,2026-08-27 06:34:06.637592+00:00,,,,
eth,0x72a53cdbbcc1b9efa39c834a540550e23463aacb,Crypto.com,medium,auto_community,2026-08-27 06:34:06.637592+00:00,,,,
eth,0x7758e507850da48cd47df1fb5f875c23e3340c50,Crypto.com,medium,auto_community,2026-08-27 06:34:06.637592+00:00,,,,
eth,0xb63b606ac810a52cca15e44bb630fd42d8d1d83d,Crypto.com,medium,auto_community,2026-08-27 06:34:06.637592+00:00,,,,
eth,0xcffad3200574698b78f32232aa9d63eabd290703,Crypto.com,medium,auto_community,2026-08-27 06:34:06.637592+00:00,,,,
eth,0x016ee7373248a80bde1fd6baa001311d233b3cfa,FTX,medium,auto_community,2026-08-27 06:34:06.637592+00:00,,,,
eth,0x2f5e2c9002c058c063d21a06b6cabb50950130c8,FTX,medium,auto_community,2026-08-27 06:34:06.637592+00:00,,,,
eth,0x2faf487a4414fe77e2327f0bf4ae2a264a776ad2,FTX,medium,auto_community,2026-08-27 06:34:06.637592+00:00,,,,
eth,0x50d1c9771902476076ecfc8b2a83ad6b9355a4c9,FTX,medium,auto_community,2026-08-27 06:34:06.637592+00:00,,,,
eth,0x68eb95dc9934e19b86687a10df8e364423240e94,FTX,medium,auto_community,2026-08-27 06:34:06.637592+00:00,,,,
eth,0x871baed4088b863fd6407159f3672d70cd34837d,FTX,medium,auto_community,2026-08-27 06:34:06.637592+00:00,,,,
eth,0xc098b2a3aa256d2140208c3de6543aaef5cd3a94,FTX,medium,auto_community,2026-08-27 06:34:06.637592+00:00,,,,
eth,0x234ee9e35f8e9749a002fc42970d570db716453b,Gate.io,medium,auto_community,2026-08-27 06:34:06.637592+00:00,,,,
eth,0x6596da8b65995d5feacff8c2936f0b7a2051b0d0,Gate.io,medium,auto_community,2026-08-27 06:34:06.637592+00:00,,,,
eth,0x7793cd85c11a924478d358d49b05b37e91b5810f,Gate.io,medium,auto_community,2026-08-27 06:34:06.637592+00:00,,,,
eth,0xc882b111a75c0c657fc507c04fbfcd2cc984f071,Gate.io,medium,auto_community,2026-08-27 06:34:06.637592+00:00,,,,
eth,0x056fd409e1d7a124bd7017459dfea2f387b6d5cd,Gemini,medium,auto_community,2026-08-27 06:34:06.637592+00:00,,,,
eth,0x07ee55aa48bb72dcc6e9d78256648910de513eca,Gemini,medium,auto_community,2026-08-27 06:34:06.637592+00:00,,,,
eth,0x4b7ee45f30767f36f06f79b32bf1fca6f726deda,Gemini,medium,auto_community,2026-08-27 06:34:06.637592+00:00,,,,
eth,0x4c2f150fc90fed3d8281114c2349f1906cde5346,Gemini,medium,auto_community,2026-08-27 06:34:06.637592+00:00,,,,
eth,0x6fc82a5fe25a5cdb58bc74600a40a69c065263f8,Gemini,medium,auto_community,2026-08-27 06:34:06.637592+00:00,,,,
eth,0x8d6f396d210d385033b348bcae9e4f9ea4e045bd,Gemini,medium,auto_community,2026-08-27 06:34:06.637592+00:00,,,,
eth,0xb302bfe9c246c6e150af70b1caaa5e3df60dac05,Gemini,medium,auto_community,2026-08-27 06:34:06.637592+00:00,,,,
eth,0xd69b0089d9ca950640f5dc9931a41a5965f00303,Gemini,medium,auto_community,2026-08-27 06:34:06.637592+00:00,,,,
eth,0xdd51f01d9fc0fd084c1a4737bbfa5becb6ced9bc,Gemini,medium,auto_community,2026-08-27 06:34:06.637592+00:00,,,,
eth,0xdec042a90de005b22754e94a8a979c4b8c67fde5,Gemini,medium,auto_community,2026-08-27 06:34:06.637592+00:00,,,,
eth,0x274f3c32c90517975e29dfc209a23f315c1e5fc7,Hotbit,medium,auto_community,2026-08-27 06:34:06.637592+00:00,,,,
eth,0x562680a4dc50ed2f14d75bf31f494cfe0b8d10a1,Hotbit,medium,auto_community,2026-08-27 06:34:06.637592+00:00,,,,
eth,0x6be61833fc4381990e82d7d4a9f4c9b3f67ea941,Hotbit,medium,auto_community,2026-08-27 06:34:06.637592+00:00,,,,
eth,0x8533a0bd9310eb63e7cc8e1116c18a3d67b1976a,Hotbit,medium,auto_community,2026-08-27 06:34:06.637592+00:00,,,,
eth,0x0316eb71485b0ab14103307bf65a021042c6d380,Huobi,medium,auto_community,2026-08-27 06:34:06.637592+00:00,,,,
eth,0x034f854b44d28e26386c1bc37ff9b20c6380b00d,Huobi,medium,auto_community,2026-08-27 06:34:06.637592+00:00,,,,
eth,0x04645af26b54bd85dc02ac65054e87362a72cb22,Huobi,medium,auto_community,2026-08-27 06:34:06.637592+00:00,,,,
eth,0x0577a79cfc63bbc0df38833ff4c4a3bf2095b404,Huobi,medium,auto_community,2026-08-27 06:34:06.637592+00:00,,,,
eth,0x07ef60deca209ea0f3f3f08c1ad21a6db5ef9d33,Huobi,medium,auto_community,2026-08-27 06:34:06.637592+00:00,,,,
eth,0x0a98fb70939162725ae66e626fe4b52cff62c2e5,Huobi,medium,auto_community,2026-08-27 06:34:06.637592+00:00,,,,
eth,0x0c6c34cdd915845376fb5407e0895196c9dd4eec,Huobi,medium,auto_community,2026-08-27 06:34:06.637592+00:00,,,,
eth,0x0c92efa186074ba716d0e2156a6ffabd579f8035,Huobi,medium,auto_community,2026-08-27 06:34:06.637592+00:00,,,,
eth,0x1062a747393198f70f71ec65a582423dba7e5ab3,Huobi,medium,auto_community,2026-08-27 06:34:06.637592+00:00,,,,
eth,0x137ad9c4777e1d36e4b605e745e8f37b2b62e9c5,Huobi,medium,auto_community,2026-08-27 06:34:06.637592+00:00,,,,
eth,0x170af0a02339743687afd3dc8d48cffd1f660728,Huobi,medium,auto_community,2026-08-27 06:34:06.637592+00:00,,,,
eth,0x18916e1a2933cb349145a280473a5de8eb6630cb,Huobi,medium,auto_community,2026-08-27 06:34:06.637592+00:00,,,,
eth,0x1b93129f05cc2e840135aab154223c75097b69bf,Huobi,medium,auto_community,2026-08-27 06:34:06.637592+00:00,,,,
eth,0x1c515eaa87568c850043a89c2d2c2e8187adb056,Huobi,medium,auto_community,2026-08-27 06:34:06.637592+00:00,,,,
eth,0x1d1e10e8c66b67692f4c002c0cb334de5d485e41,Huobi,medium,auto_community,2026-08-27 06:34:06.637592+00:00,,,,
eth,0x229b5c097f9b35009ca1321ad2034d4b3d5070f6,Huobi,medium,auto_community,2026-08-27 06:34:06.637592+00:00,,,,
eth,0x25c6459e5c5b01694f6453e8961420ccd1edf3b1,Huobi,medium,auto_community,2026-08-27 06:34:06.637592+00:00,,,,
eth,0x28ffe35688ffffd0659aee2e34778b0ae4e193ad,Huobi,medium,auto_community,2026-08-27 06:34:06.637592+00:00,,,,
eth,0x30741289523c2e4d2a62c7d6722686d14e723851,Huobi,medium,auto_community,2026-08-27 06:34:06.637592+00:00,,,,
eth,0x32598293906b5b17c27d657db3ad2c9b3f3e4265,Huobi,medium,auto_community,2026-08-27 06:34:06.637592+00:00,,,,
eth,0x34189c75cbb13bdb4f5953cda6c3045cfca84a9e,Huobi,medium,auto_community,2026-08-27 06:34:06.637592+00:00,,,,
eth,0x39d9f4640b98189540a9c0edcfa95c5e657706aa,Huobi,medium,auto_community,2026-08-27 06:34:06.637592+00:00,,,,
eth,0x46705dfff24256421a05d056c29e81bdc09723b8,Huobi,medium,auto_community,2026-08-27 06:34:06.637592+00:00,,,,
eth,0x48ab9f29795dfb44b36587c50da4b30c0e84d3ed,Huobi,medium,auto_community,2026-08-27 06:34:06.637592+00:00,,,,
eth,0x49517ca7b7a50f592886d4c74175f4c07d460a70,Huobi,medium,auto_community,2026-08-27 06:34:06.637592+00:00,,,,
eth,0x4d77a1144dc74f26838b69391a6d3b1e403d0990,Huobi,medium,auto_community,2026-08-27 06:34:06.637592+00:00,,,,
eth,0x5401dbf7da53e1c9dbf484e3d69505815f2f5e6e,Huobi,medium,auto_community,2026-08-27 06:34:06.637592+00:00,,,,
eth,0x5861b8446a2f6e19a067874c133f04c578928727,Huobi,medium,auto_community,2026-08-27 06:34:06.637592+00:00,,,,
eth,0x58c2cb4a6bee98c309215d0d2a38d7f8aa71211c,Huobi,medium,auto_community,2026-08-27 06:34:06.637592+00:00,,,,
eth,0x5c985e89dde482efe97ea9f1950ad149eb73829b,Huobi,medium,auto_community,2026-08-27 06:34:06.637592+00:00,,,,
eth,0x60b45f993223dcb8bdf05e3391f7630e5a51d787,Huobi,medium,auto_community,2026-08-27 06:34:06.637592+00:00,,,,
eth,0x63155828e949aeba75038a5e8a5f4edd5038d9a6,Huobi,medium,auto_community,2026-08-27 06:34:06.637592+00:00,,,,
eth,0x636b76ae213358b9867591299e5c62b8d014e372,Huobi,medium,auto_community,2026-08-27 06:34:06.637592+00:00,,,,
eth,0x6edb9d6547befc3397801c94bb8c97d2e8087e2f,Huobi,medium,auto_community,2026-08-27 06:34:06.637592+00:00,,,,
eth,0x6f259637dcd74c767781e37bc6133cd6a68aa161,Huobi,medium,auto_community,2026-08-27 06:34:06.637592+00:00,,,,
eth,0x6f48a3e70f0251d1e83a989e62aaa2281a6d5380,Huobi,medium,auto_community,2026-08-27 06:34:06.637592+00:00,,,,
eth,0x6f50c6bff08ec925232937b204b0ae23c488402a,Huobi,medium,auto_community,2026-08-27 06:34:06.637592+00:00,,,,
eth,0x73f8fc2e74302eb2efda125a326655acf0dc2d1b,Huobi,medium,auto_community,2026-08-27 06:34:06.637592+00:00,,,,
eth,0x75a83599de596cbc91a1821ffa618c40e22ac8ca,Huobi,medium,auto_community,2026-08-27 06:34:06.637592+00:00,,,,
eth,0x794d28ac31bcb136294761a556b68d2634094153,Huobi,medium,auto_community,2026-08-27 06:34:06.637592+00:00,,,,
eth,0x7ef35bb398e0416b81b019fea395219b65c52164,Huobi,medium,auto_community,2026-08-27 06:34:06.637592+00:00,,,,
eth,0x8aabba0077f1565df73e9d15dd3784a2b0033dad,Huobi,medium,auto_community,2026-08-27 06:34:06.637592+00:00,,,,
eth,0x8e8bc99b79488c276d6f3ca11901e9abd77efea4,Huobi,medium,auto_community,2026-08-27 06:34:06.637592+00:00,,,,
eth,0x90e9ddd9d8d5ae4e3763d0cf856c97594dea7325,Huobi,medium,auto_community,2026-08-27 06:34:06.637592+00:00,,,,
eth,0x90f49e24a9554126f591d28174e157ca267194ba,Huobi,medium,auto_community,2026-08-27 06:34:06.637592+00:00,,,,
eth,0x91dfa9d9e062a50d2f351bfba0d35a9604993dac,Huobi,medium,auto_community,2026-08-27 06:34:06.637592+00:00,,,,
eth,0x926fc576b7facf6ae2d08ee2d4734c134a743988,Huobi,medium,auto_community,2026-08-27 06:34:06.637592+00:00,,,,
eth,0x956e0dbecc0e873d34a5e39b25f364b2ca036730,Huobi,medium,auto_community,2026-08-27 06:34:06.637592+00:00,,,,
eth,0x9a755332d874c893111207b0b220ce2615cd036f,Huobi,medium,auto_community,2026-08-27 06:34:06.637592+00:00,,,,
eth,0x9d6d492bd500da5b33cf95a5d610a73360fcaaa0,Huobi,medium,auto_community,2026-08-27 06:34:06.637592+00:00,,,,
eth,0x9eebb2815dba2166d8287afa9a2c89336ba9deaa,Huobi,medium,auto_community,2026-08-27 06:34:06.637592+00:00,,,,
eth,0xa23d7dd4b8a1060344caf18a29b42350852af481,Huobi,medium,auto_community,2026-08-27 06:34:06.637592+00:00,,,,
eth,0xa66daa57432024023db65477ba87d4e7f5f95213,Huobi,medium,auto_community,2026-08-27 06:34:06.637592+00:00,,,,
eth,0xa8660c8ffd6d578f657b72c0c811284aef0b735e,Huobi,medium,auto_community,2026-08-27 06:34:06.637592+00:00,,,,
eth,0xab5c66752a9e8167967685f1450532fb96d5d24f,Huobi,medium,auto_community,2026-08-27 06:34:06.637592+00:00,,,,
eth,0xadb2b42f6bd96f5c65920b9ac88619dce4166f94,Huobi,medium,auto_community,2026-08-27 06:34:06.637592+00:00,,,,
eth,0xb2a48f542dc56b89b24c04076cbe565b3dc58e7b,Huobi,medium,auto_community,2026-08-27 06:34:06.637592+00:00,,,,
eth,0xb4cd0386d2db86f30c1a11c2b8c4f4185c1dade9,Huobi,medium,auto_community,2026-08-27 06:34:06.637592+00:00,,,,
eth,0xb9a4873d8d2c22e56b8574e8605644d08e047549,Huobi,medium,auto_community,2026-08-27 06:34:06.637592+00:00,,,,
eth,0xc837f51a0efa33f8eca03570e3d01a4b2cf97ffd,Huobi,medium,auto_community,2026-08-27 06:34:06.637592+00:00,,,,
eth,0xcac725bef4f114f728cbcfd744a731c2a463c3fc,Huobi,medium,auto_community,2026-08-27 06:34:06.637592+00:00,,,,
eth,0xd10e08325c0e95d59c607a693483680fe5b755b3,Huobi,medium,auto_community,2026-08-27 06:34:06.637592+00:00,,,,
eth,0xd3a2f775e973c1671f2047e620448b8662dcd3ca,Huobi,medium,auto_community,2026-08-27 06:34:06.637592+00:00,,,,
eth,0xd8a83b72377476d0a66683cde20a8aad0b628713,Huobi,medium,auto_community,2026-08-27 06:34:06.637592+00:00,,,,
eth,0xdb0e89a9b003a28a4055ef772e345e8089987bfd,Huobi,medium,auto_community,2026-08-27 06:34:06.637592+00:00,,,,
eth,0xdc76cd25977e0a5ae17155770273ad58648900d3,Huobi,medium,auto_community,2026-08-27 06:34:06.637592+00:00,,,,
eth,0xdf95de30cdff4381b69f9e4fa8dddce31a0128df,Huobi,medium,auto_community,2026-08-27 06:34:06.637592+00:00,,,,
eth,0xe0d513cf39b52a09aefcef25e91dda3a2636329a,Huobi,medium,auto_community,2026-08-27 06:34:06.637592+00:00,,,,
eth,0xe3314bbf3334228b257779e28228cfb86fa4261b,Huobi,medium,auto_community,2026-08-27 06:34:06.637592+00:00,,,,
eth,0xe93381fb4c4f14bda253907b18fad305d799241a,Huobi,medium,auto_community,2026-08-27 06:34:06.637592+00:00,,,,
eth,0xea0cfef143182d7b9208fbfeda9d172c2aced972,Huobi,medium,auto_community,2026-08-27 06:34:06.637592+00:00,,,,
eth,0xeb6d43fe241fb2320b5a3c9be9cdfd4dd8226451,Huobi,medium,auto_community,2026-08-27 06:34:06.637592+00:00,,,,
eth,0xecd8b3877d8e7cd0739de18a5b545bc0b3538566,Huobi,medium,auto_community,2026-08-27 06:34:06.637592+00:00,,,,
eth,0xeec606a66edb6f497662ea31b5eb1610da87ab5f,Huobi,medium,auto_community,2026-08-27 06:34:06.637592+00:00,,,,
eth,0xeee28d484628d41a82d01e21d12e2e78d69920da,Huobi,medium,auto_community,2026-08-27 06:34:06.637592+00:00,,,,
eth,0xef54f559b5e3b55b783c7bc59850f83514b6149c,Huobi,medium,auto_community,2026-08-27 06:34:06.637592+00:00,,,,
eth,0xf0458aaaf6d49192d3b4711960635d5fa2114e71,Huobi,medium,auto_community,2026-08-27 06:34:06.637592+00:00,,,,
eth,0xf056f435ba0cc4fcd2f1b17e3766549ffc404b94,Huobi,medium,auto_community,2026-08-27 06:34:06.637592+00:00,,,,
eth,0xf66852bc122fd40bfecc63cd48217e88bda12109,Huobi,medium,auto_community,2026-08-27 06:34:06.637592+00:00,,,,
eth,0xf775a9a0ad44807bc15936df0ee68902af1a0eee,Huobi,medium,auto_community,2026-08-27 06:34:06.637592+00:00,,,,
eth,0xf7a8af16acb302351d7ea26ffc380575b741724c,Huobi,medium,auto_community,2026-08-27 06:34:06.637592+00:00,,,,
eth,0xfa4b5be3f2f84f56703c42eb22142744e95a2c58,Huobi,medium,auto_community,2026-08-27 06:34:06.637592+00:00,,,,
eth,0xfd54078badd5653571726c3370afb127351a6f26,Huobi,medium,auto_community,2026-08-27 06:34:06.637592+00:00,,,,
eth,0xfdb16996831753d5331ff813c29a93c76834a0ad,Huobi,medium,auto_community,2026-08-27 06:34:06.637592+00:00,,,,
eth,0x0c01089aedc45ab0f43467cceca6b4d3e4170bea,Korbit,medium,auto_community,2026-08-27 06:34:06.637592+00:00,,,,
eth,0x2864de013415b6c2c7a96333183b20f0f9cc7532,Korbit,medium,auto_community,2026-08-27 06:34:06.637592+00:00,,,,
eth,0x8550e644d74536f1df38b17d5f69aa1bfe28ae86,Korbit,medium,auto_community,2026-08-27 06:34:06.637592+00:00,,,,
eth,0xd03be958e6b8da2d28ac8231a2291d6e4f0a7ea7,Korbit,medium,auto_community,2026-08-27 06:34:06.637592+00:00,,,,
eth,0xd6e0f7da4480b3ad7a2c8b31bc5a19325355ca15,Korbit,medium,auto_community,2026-08-27 06:34:06.637592+00:00,,,,
eth,0xe5d7ccc5fc3b3216c4dff3a59442f1d83038468c,Korbit,medium,auto_community,2026-08-27 06:34:06.637592+00:00,,,,
eth,0xe83a48cae4d7120e8ba1c2e0409568ffba532e87,Korbit,medium,auto_community,2026-08-27 06:34:06.637592+00:00,,,,
eth,0xf0bc8fddb1f358cef470d63f96ae65b1d7914953,Korbit,medium,auto_community,2026-08-27 06:34:06.637592+00:00,,,,
eth,0x267be1c1d684f78cb4f6a176c4911b741e4ffdc0,Kraken,medium,auto_community,2026-08-27 06:34:06.637592+00:00,,,,
eth,0x29728d0efd284d85187362faa2d4d76c2cfc2612,Kraken,medium,auto_community,2026-08-27 06:34:06.637592+00:00,,,,
eth,0x2e7542ec36df6429d8c397f88c4cf0c925948f44,Kraken,medium,auto_community,2026-08-27 06:34:06.637592+00:00,,,,
eth,0x43984d578803891dfa9706bdeee6078d80cfc79e,Kraken,medium,auto_community,2026-08-27 06:34:06.637592+00:00,,,,
eth,0x66c57bf505a85a74609d2c83e94aabb26d691e1f,Kraken,medium,auto_community,2026-08-27 06:34:06.637592+00:00,,,,
eth,0x89e51fa8ca5d66cd220baed62ed01e8951aa7c40,Kraken,medium,auto_community,2026-08-27 06:34:06.637592+00:00,,,,
eth,0xa24787320ede4cc19d800bf87b41ab9539c4da9d,Kraken,medium,auto_community,2026-08-27 06:34:06.637592+00:00,,,,
eth,0xa83b11093c858c86321fbc4c20fe82cdbd58e09e,Kraken,medium,auto_community,2026-08-27 06:34:06.637592+00:00,,,,
eth,0xae2d4617c862309a3d75a0ffb358c7a5009c673f,Kraken,medium,auto_community,2026-08-27 06:34:06.637592+00:00,,,,
eth,0xc6bed363b30df7f35b601a5547fe56cd31ec63da,Kraken,medium,auto_community,2026-08-27 06:34:06.637592+00:00,,,,
eth,0xda9dfa130df4de4673b89022ee50ff26f6ea73cf,Kraken,medium,auto_community,2026-08-27 06:34:06.637592+00:00,,,,
eth,0xe1498a9ef5c6aa51790a642f70c31238326b1724,Kraken,medium,auto_community,2026-08-27 06:34:06.637592+00:00,,,,
eth,0xe9f7ecae3a53d2a67105292894676b00d1fab785,Kraken,medium,auto_community,2026-08-27 06:34:06.637592+00:00,,,,
eth,0xfa52274dd61e1643d2205169732f29114bc240b3,Kraken,medium,auto_community,2026-08-27 06:34:06.637592+00:00,,,,
eth,0x039b5649a59967e3e936d7471f9c3700100ee1ab,KuCoin,medium,auto_community,2026-08-27 06:34:06.637592+00:00,,,,
eth,0x061f7937b7b2bc7596539959804f86538b6368dc,KuCoin,medium,auto_community,2026-08-27 06:34:06.637592+00:00,,,,
eth,0x1692e170361cefd1eb7240ec13d048fd9af6d667,KuCoin,medium,auto_community,2026-08-27 06:34:06.637592+00:00,,,,
eth,0x2602669a92fccf44e5319ff51b0f453aab9db021,KuCoin,medium,auto_community,2026-08-27 06:34:06.637592+00:00,,,,
eth,0x4ad64983349c49defe8d7a4686202d24b25d0ce8,KuCoin,medium,auto_community,2026-08-27 06:34:06.637592+00:00,,,,
eth,0x738cf6903e6c4e699d1c2dd9ab8b67fcdb3121ea,KuCoin,medium,auto_community,2026-08-27 06:34:06.637592+00:00,,,,
eth,0x88bd4d3e2997371bceefe8d9386c6b5b4de60346,KuCoin,medium,auto_community,2026-08-27 06:34:06.637592+00:00,,,,
eth,0x899b5d52671830f567bf43a14684eb14e1f945fe,KuCoin,medium,auto_community,2026-08-27 06:34:06.637592+00:00,,,,
eth,0xa1d8d972560c2f8144af871db508f0b0b10a3fbf,KuCoin,medium,auto_community,2026-08-27 06:34:06.637592+00:00,,,,
eth,0xb8e6d31e7b212b2b7250ee9c26c56cebbfbe6b23,KuCoin,medium,auto_community,2026-08-27 06:34:06.637592+00:00,,,,
eth,0xcad621da75a66c7a8f4ff86d30a2bf981bfc8fdd,KuCoin,medium,auto_community,2026-08-27 06:34:06.637592+00:00,,,,
eth,0xd6216fc19db775df9774a6e33526131da7d19a2c,KuCoin,medium,auto_community,2026-08-27 06:34:06.637592+00:00,,,,
eth,0xd89350284c7732163765b23338f2ff27449e0bf5,KuCoin,medium,auto_community,2026-08-27 06:34:06.637592+00:00,,,,
eth,0xe59cd29be3be4461d79c0881d238cbe87d64595a,KuCoin,medium,auto_community,2026-08-27 06:34:06.637592+00:00,,,,
eth,0xec30d02f10353f8efc9601371f56e808751f396f,KuCoin,medium,auto_community,2026-08-27 06:34:06.637592+00:00,,,,
eth,0xf16e9b0d03470827a95cdfd0cb8a8a3b46969b91,KuCoin,medium,auto_community,2026-08-27 06:34:06.637592+00:00,,,,
eth,0xf2b16510270a214130c6b17ff0e9bf87585126bd,KuCoin,medium,auto_community,2026-08-27 06:34:06.637592+00:00,,,,
eth,0xf34960d9d60be18cc1d5afc1a6f012a723a28811,KuCoin,medium,auto_community,2026-08-27 06:34:06.637592+00:00,,,,
eth,0x0162cd2ba40e23378bf0fd41f919e1be075f025f,MEXC,medium,auto_community,2026-08-27 06:34:06.637592+00:00,,,,
eth,0x0211f3cedbef3143223d3acf0e589747933e8527,MEXC,medium,auto_community,2026-08-27 06:34:06.637592+00:00,,,,
eth,0x3cc936b795a188f0e246cbb2d74c5bd190aecf18,MEXC,medium,auto_community,2026-08-27 06:34:06.637592+00:00,,,,
eth,0x3CC936b795A188F0e246cBB2D74C5Bd78aeDA06F,MEXC,medium,etherscan-label,2026-08-24 05:48:37.775718+00:00,,,,
eth,0x75e89d5979E4f6Fba9F97c104c2F0AFB3F1dcB88,MEXC,medium,etherscan-label,2026-08-24 05:48:37.775718+00:00,,,,
eth,0x24c654f6b143dc5cae3c02fbb527ca63aa555dbc,OKX,medium,auto_community,2026-08-27 06:34:06.637592+00:00,,,,
eth,0x2c8fbb630289363ac80705a1a61273f76fd5a161,OKX,medium,auto_community,2026-08-27 06:34:06.637592+00:00,,,,
eth,0x42436286a9c8d63aafc2eebbca193064d68068f2,OKX,medium,auto_community,2026-08-27 06:34:06.637592+00:00,,,,
eth,0x461249076b88189f8ac9418de28b365859e46bfd,OKX,medium,auto_community,2026-08-27 06:34:06.637592+00:00,,,,
eth,0x4d19c0a5357bc48be0017095d3c871d9afc3f21d,OKX,medium,auto_community,2026-08-27 06:34:06.637592+00:00,,,,
eth,0x5041ed759dd4afc3a72b8192c143f72f4724081a,OKX,medium,auto_community,2026-08-27 06:34:06.637592+00:00,,,,
eth,0x59fae149a8f8ec74d5bc038f8b76d25b136b9573,OKX,medium,auto_community,2026-08-27 06:34:06.637592+00:00,,,,
eth,0x5c52cc7c96bde8594e5b77d5b76d042cb5fae5f2,OKX,medium,auto_community,2026-08-27 06:34:06.637592+00:00,,,,
eth,0x65a0947ba5175359bb457d3b34491edf4cbf7997,OKX,medium,auto_community,2026-08-27 06:34:06.637592+00:00,,,,
eth,0x69a722f0b5da3af02b4a205d6f0c285f4ed8f396,OKX,medium,auto_community,2026-08-27 06:34:06.637592+00:00,,,,
eth,0x6cc5f688a315f3dc28a7781717a9a798a59fda7b,OKX,medium,auto_community,2026-08-27 06:34:06.637592+00:00,,,,
eth,0x6fb624b48d9299674022a23d92515e76ba880113,OKX,medium,auto_community,2026-08-27 06:34:06.637592+00:00,,,,
eth,0x75231f58b43240c9718dd58b4967c5114342a86c,OKX,medium,auto_community,2026-08-27 06:34:06.637592+00:00,,,,
eth,0x7eb6c83ab7d8d9b8618c0ed973cbef71d1921ef2,OKX,medium,auto_community,2026-08-27 06:34:06.637592+00:00,,,,
eth,0x89fd00b8d2dcee0f40d8699970115bb861241a54,OKX,medium,auto_community,2026-08-27 06:34:06.637592+00:00,,,,
eth,0x98ec059dc3adfbdd63429454aeb0c990fba4a128,OKX,medium,auto_community,2026-08-27 06:34:06.637592+00:00,,,,
eth,0xa7efae728d2936e78bda97dc267687568dd593f3,OKX,medium,auto_community,2026-08-27 06:34:06.637592+00:00,,,,
eth,0xaad8ad7dfa05bc354e011890dd61636842c2cb96,OKX,medium,auto_community,2026-08-27 06:34:06.637592+00:00,,,,
eth,0xc5451b523d5fffe1351337a221688a62806ad91a,OKX,medium,auto_community,2026-08-27 06:34:06.637592+00:00,,,,
eth,0xc5a93444cc4da6efb9e6fc6e5d3cb55a53b52396,OKX,medium,auto_community,2026-08-27 06:34:06.637592+00:00,,,,
eth,0xc708a1c712ba26dc618f972ad7a187f76c8596fd,OKX,medium,auto_community,2026-08-27 06:34:06.637592+00:00,,,,
eth,0xcba38020cd7b6f51df6afaf507685add148f6ab6,OKX,medium,auto_community,2026-08-27 06:34:06.637592+00:00,,,,
eth,0xe9172daf64b05b26eb18f07ac8d6d723acb48f99,OKX,medium,auto_community,2026-08-27 06:34:06.637592+00:00,,,,
eth,0xf59869753f41db720127ceb8dbb8afaf89030de4,OKX,medium,auto_community,2026-08-27 06:34:06.637592+00:00,,,,
eth,0x0536806df512d6cdde913cf95c9886f65b1d3462,Poloniex,medium,auto_community,2026-08-27 06:34:06.637592+00:00,,,,
eth,0x209c4784ab1e8183cf58ca33cb740efbf3fc18ef,Poloniex,medium,auto_community,2026-08-27 06:34:06.637592+00:00,,,,
eth,0x2fa2bc2ce6a4f92952921a4caa46b3727d24a1ec,Poloniex,medium,auto_community,2026-08-27 06:34:06.637592+00:00,,,,
eth,0x31a2feb9b5d3b5f4e76c71d6c92fc46ebb3cb1c1,Poloniex,medium,auto_community,2026-08-27 06:34:06.637592+00:00,,,,
eth,0x36b01066b7fa4a0fdb2968ea0256c848e9135674,Poloniex,medium,auto_community,2026-08-27 06:34:06.637592+00:00,,,,
eth,0x48d466b7c0d32b61e8a82cd2bcf060f7c3f966df,Poloniex,medium,auto_community,2026-08-27 06:34:06.637592+00:00,,,,
eth,0x65f9b2e4d7aaeb40ffea8c6f5844d5ad7da257e0,Poloniex,medium,auto_community,2026-08-27 06:34:06.637592+00:00,,,,
eth,0x6795cf8eb25585eadc356ae32ac6641016c550f2,Poloniex,medium,auto_community,2026-08-27 06:34:06.637592+00:00,,,,
eth,0x6b71834d65c5c4d8ed158d54b47e6ea4ff4e5437,Poloniex,medium,auto_community,2026-08-27 06:34:06.637592+00:00,,,,
eth,0x6f803466bcd17f44fa18975bf7c509ba64bf3825,Poloniex,medium,auto_community,2026-08-27 06:34:06.637592+00:00,,,,
eth,0x8d451ae5ee8f557a9ce7a9d7be8a8cb40002d5cb,Poloniex,medium,auto_community,2026-08-27 06:34:06.637592+00:00,,,,
eth,0xa910f92acdaf488fa6ef02174fb86208ad7722ba,Poloniex,medium,auto_community,2026-08-27 06:34:06.637592+00:00,,,,
eth,0xaa9fa73dfe17ecaa2c89b39f0bb2779613c5fc3b,Poloniex,medium,auto_community,2026-08-27 06:34:06.637592+00:00,,,,
eth,0xab11204cfeaccffa63c2d23aef2ea9accdb0a0d5,Poloniex,medium,auto_community,2026-08-27 06:34:06.637592+00:00,,,,
eth,0xb794f5ea0ba39494ce839613fffba74279579268,Poloniex,medium,auto_community,2026-08-27 06:34:06.637592+00:00,,,,
eth,0xbd2ec7c608a06fe975dbdca729e84dedb34ecc21,Poloniex,medium,auto_community,2026-08-27 06:34:06.637592+00:00,,,,
eth,0xc0e30823e5e628df8bc9bf2636a347e1512f0ecb,Poloniex,medium,auto_community,2026-08-27 06:34:06.637592+00:00,,,,
eth,0xead6be34ce315940264519f250d8160f369fa5cd,Poloniex,medium,auto_community,2026-08-27 06:34:06.637592+00:00,,,,
eth,0xfbf2173154f7625713be22e0504404ebfe021eae,Poloniex,medium,auto_community,2026-08-27 06:34:06.637592+00:00,,,,
optimism,0x18b2a687610328590bc8f2e5fedde3b582a49cda,Binance,medium,evm-propagate,2026-08-24 05:48:17.957263+00:00,,,,
optimism,0x3CC936b795A188F0e246cBB2D74C5Bd78aeDA06F,MEXC,medium,evm-propagate,2026-08-24 19:00:01.716552+00:00,,,,
optimism,0x75e89d5979E4f6Fba9F97c104c2F0AFB3F1dcB88,MEXC,medium,evm-propagate,2026-08-24 19:00:01.716552+00:00,,,,
polygon,0x18b2a687610328590bc8f2e5fedde3b582a49cda,Binance,medium,evm-propagate,2026-08-24 05:48:17.957263+00:00,,,,
polygon,0x3CC936b795A188F0e246cBB2D74C5Bd78aeDA06F,MEXC,medium,evm-propagate,2026-08-24 19:00:01.716552+00:00,,,,
polygon,0x75e89d5979E4f6Fba9F97c104c2F0AFB3F1dcB88,MEXC,medium,evm-propagate,2026-08-24 19:00:01.716552+00:00,,,,
tron,TBMLjNqjqJjqJjqJjqJjqJjqJjqJjqJjqJ,Bybit,medium,tronscan-label,2026-08-24 05:50:14.327739+00:00,,,,
