链,地址,推测交易所,置信度,来源数,来源详情,命中原因/标签原文,Nansen验证结果,Arkham验证结果,备注
solana,3gd3dqgtJ4jWfBfLYTX67DALFetjc5iS72sCgRhCkW2u,Binance,medium,1,auto_snapshot_label,持仓快照标签 'Binance 10' 命中交易所关键词,,,
solana,9WzDXwBbmkg8ZTbNMqUxvQRAyrZzDsGYdLVL9zYtAWWM,Binance,medium,1,auto_snapshot_label,持仓快照标签 'Binance 3' 命中交易所关键词,,,
solana,5tzFkiKscXHK5ZXCGbXZxdw7gTjjD1mBwuoFbhUvuAi9,Binance,medium,1,auto_snapshot_label,持仓快照标签 'Binance 2' 命中交易所关键词,,,
solana,38xCLm9kSExfGU1GdyVuX4vop7SZns9kU2mQyTmmMdUP,Binance,medium,1,auto_snapshot_label,持仓快照标签 'Binance Cold Wallet (38xCL)' 命中交易所关键词,,,
solana,GBrURzmtWujJRTA3Bkvo7ZgWuZYLMMwPCwre7BejJXnK,Binance,medium,1,auto_snapshot_label,持仓快照标签 'Binance Cold Wallet (GBrUR)' 命中交易所关键词,,,
solana,6QJzieMYfp7yr3EdrePaQoG3Ghxs2wM98xSLRu8Xh56U,Binance,medium,1,auto_snapshot_label,持仓快照标签 'Binance 11' 命中交易所关键词,,,
solana,G7vNg68KfbjVLCTc8Uw9JVmaC4ZajpX97ApkToBqvviy,Binance,medium,1,auto_snapshot_label,持仓快照标签 'Binance Bidge' 命中交易所关键词,,,
solana,53unSgGWqEWANcPYRF35B2Bgf8BkszUtcccKiXwGGLyr,Binance,medium,1,auto_snapshot_label,持仓快照标签 'Binance.us Hot Wallet' 命中交易所关键词,,,
solana,H8BgJgae6qhMtf7BM2JtddywSQt11WdxHHxkGLNX5hss,Binance,medium,1,auto_snapshot_label,持仓快照标签 'Binance Cold Wallet (H8BgJ)' 命中交易所关键词,,,
solana,CgANddXc7FKSsdLSdFv67X8faZqQaRTeLMXkAVANkZD4,BitMart,medium,1,auto_snapshot_label,持仓快照标签 'Bitmart Hot Wallet' 命中交易所关键词,,,
solana,8ZPaybdHeNwpoxmU1ALcbLoE3eK443Jq4emk82VCscag,Bitget,medium,1,auto_snapshot_label,持仓快照标签 'Bitget Cold Wallet (8ZPay)' 命中交易所关键词,,,
solana,EPxGiguU5j5tKFnMQpzMrzczEQ5NRtLWrpG9fADvtadX,Bitget,medium,1,auto_snapshot_label,持仓快照标签 'Bitget Cold Wallet (EPxGi)' 命中交易所关键词,,,
solana,A77HErqtfN1hLLpvZ9pCtu66FEtM8BveoaKbbMoZ4RiR,Bitget,medium,1,auto_snapshot_label,持仓快照标签 'Bitget Exchange' 命中交易所关键词,,,
solana,7TWnq4WeYcwQWBCwKeEX2Q9xqVtthPGkB7adNvueuVuh,Bitget,medium,1,auto_snapshot_label,持仓快照标签 'Bitget Cold Wallet (7TWnq)' 命中交易所关键词,,,
solana,8Mm46CsqxiyAputDUp2cXHg41HE3BfynTeMBDwzrMZQH,Bithumb,medium,1,auto_snapshot_label,持仓快照标签 'Bithumb Hot Wallet 1' 命中交易所关键词,,,
solana,9D8xSHWqF9NJWqCtn3rNxYEox63aCbWxYzTMfMur7Cc9,Bitstamp,medium,1,auto_snapshot_label,持仓快照标签 'Bitstamp Hot Wallet (9D8xS)' 命中交易所关键词,,,
solana,42brAgAVNzMBP7aaktPvAmBSPEkehnFQejiZc53EpJFd,Bybit,medium,1,auto_snapshot_label,持仓快照标签 'Bybit Cold Wallet 1' 命中交易所关键词,,,
solana,Gem2VAypSg7Ai7vjDKPTtqFahpoQWkfgVkyzx3rPoTka,Bybit,medium,1,auto_snapshot_label,持仓快照标签 'Bybit Wallet 14' 命中交易所关键词,,,
solana,7cAui6ADtxLnpRr2wYvwJWTkzwgmVF2LYKnjKTLx4xR8,Bybit,medium,1,auto_snapshot_label,持仓快照标签 'Bybit Wallet 1' 命中交易所关键词,,,
solana,5LZkATrLwHYCQj2YuVbjjgsDZzBk6YfL4pFQRJmtboT2,Bybit,medium,1,auto_snapshot_label,持仓快照标签 'Bybit Wallet 15' 命中交易所关键词,,,
solana,CK8i4zFXkDE2KWfyg7g9S748r6mwxajbcKcyGhQMR3qQ,Bybit,medium,1,auto_snapshot_label,持仓快照标签 'Bybit Wallet 13' 命中交易所关键词,,,
solana,AC5RDfQFmDS1deWZos921JfqscXdByf8BKHs5ACWjtW2,Bybit,medium,1,auto_snapshot_label,持仓快照标签 'Bybit Hot Wallet (AC5RD)' 命中交易所关键词,,,
solana,9ZifroknFoYu4r6DUk6nYoJiUQnEyyoUyeAwjXbPoL2x,Bybit,medium,1,auto_snapshot_label,持仓快照标签 'Bybit Wallet 11' 命中交易所关键词,,,
solana,4raqd4tCEnm2yGeUocVqPgN2MPB1W6A3EZfC8LoMChvf,Bybit,medium,1,auto_snapshot_label,持仓快照标签 'Bybit Hot Wallet (4raqd)' 命中交易所关键词,,,
solana,2qo8jvuc49pFmTjmUHLiARSV6ppPTaE7gw27ZJ6DnNZy,Bybit,medium,1,auto_snapshot_label,持仓快照标签 'Bybit Wallet 12' 命中交易所关键词,,,
solana,EuPYwHdtee4eVRHoXcw4ZkekNt4Y2nnuxMX7WHtVxF58,Coinbase,medium,1,auto_snapshot_label,持仓快照标签 'Coinbase Cold Wallet (EuPYw)' 命中交易所关键词,,,
solana,HcTix2bYjPFCtY6bxwXPMwjnz8nNYE7zruxz2WeaAHwS,Coinbase,medium,1,auto_snapshot_label,持仓快照标签 'Coinbase Cold Wallet (HcTix)' 命中交易所关键词,,,
solana,FpwQQhQQoEaVu3WU2qZMfF1hx48YyfwsLoRgXG83E99Q,Coinbase,medium,1,auto_snapshot_label,持仓快照标签 'Coinbase Hot Wallet 1' 命中交易所关键词,,,
solana,GJRs4FwHtemZ5ZE9x3FNvJ8TMwitKTh21yxdRPqn7npE,Coinbase,medium,1,auto_snapshot_label,持仓快照标签 'Coinbase Hot Wallet 2' 命中交易所关键词,,,
solana,2AQdpHJ2JpcEgPiATUXjQxA8QmafFegfQwSLWSprPicm,Coinbase,medium,1,auto_snapshot_label,持仓快照标签 'Coinbase 2' 命中交易所关键词,,,
solana,D89hHJT5Aqyx1trP6EnGY9jJUB3whgnq3aUvvCqedvzf,Coinbase,medium,1,auto_snapshot_label,持仓快照标签 'Coinbase Hot Wallet 3' 命中交易所关键词,,,
solana,4NyK1AdJBNbgaJ9EsKz3J4rfeHsuYdjkTPg3JaNdLeFw,Coinbase,medium,1,auto_snapshot_label,持仓快照标签 'Coinbase Hot Wallet 4 (4NyK1)' 命中交易所关键词,,,
solana,H8sMJSCQxfKiFTCfDR3DUMLPwcRbM61LGFJ8N4dK3WjS,Coinbase,medium,1,auto_snapshot_label,持仓快照标签 'Coinbase 1' 命中交易所关键词,,,
solana,9obNtb5GyUegcs3a1CbBkLuc5hEWynWfJC6gjz5uWQkE,Coinbase,medium,1,auto_snapshot_label,持仓快照标签 'Coinbase 4' 命中交易所关键词,,,
solana,5g7yNHyGLJ7fiQ9SN9mf47opDnMjc585kqXWt6d7aBWs,Coinbase,medium,1,auto_snapshot_label,持仓快照标签 'Coinbase Hot Wallet (5g7yN)' 命中交易所关键词,,,
solana,DPqsobysNf5iA9w7zrQM8HLzCKZEDMkZsWbiidsAt1xo,Coinbase,medium,1,auto_snapshot_label,持仓快照标签 'Coinbase Hot Wallet 4 (DPqso)' 命中交易所关键词,,,
solana,3vxheE5C46XzK4XftziRhwAf8QAfipD7HXXWj25mgkom,Coinbase,medium,1,auto_snapshot_label,持仓快照标签 'Coinbase Prime: Hot Wallet (3vxhe)' 命中交易所关键词,,,
solana,8TWNcXvh9BXKdgNdRKGAfKzGUYsoVDMKUuAdbMYxCJEA,Coinone,medium,1,auto_snapshot_label,持仓快照标签 'Coinone Hot Wallet (8TWNc)' 命中交易所关键词,,,
solana,6FEVkH17P9y8Q9aCkDdPcMDjvj7SVxrTETaYEm8f51Jy,Crypto.com,medium,1,auto_snapshot_label,持仓快照标签 'Crypto.com Hot Wallet 1' 命中交易所关键词,,,
solana,22Wnk8PwyWZV7BfkZGJEKT9jGGdtvu7xY6EXeRh7zkBa,Crypto.com,medium,1,auto_snapshot_label,持仓快照标签 'Crypto.com Hot Wallet 3' 命中交易所关键词,,,
solana,ADqZYsW9SVZ6bCSGDqfBiPkfaZuQKGg79MA357otX8Ud,Crypto.com,medium,1,auto_snapshot_label,持仓快照标签 'Crypto.com Hot Wallet 5' 命中交易所关键词,,,
solana,AobVSwdW9BbpMdJvTqeCN4hPAmh4rHm7vwLnQ5ATSyrS,Crypto.com,medium,1,auto_snapshot_label,持仓快照标签 'Crypto.com Hot Wallet 2' 命中交易所关键词,,,
solana,6b4aypBhH337qSzzkbeoHWzTLt4DjG2aG8GkrrTQJfQA,FTX,medium,1,auto_snapshot_label,持仓快照标签 'FTX Cold Storage #1' 命中交易所关键词,,,
solana,9uyDy9VDBw4K7xoSkhmCAm8NAFCwu4pkF6JeHUCtVKcX,FTX,medium,1,auto_snapshot_label,持仓快照标签 'FTX Cold Storage #2' 命中交易所关键词,,,
solana,CLu4kFM4nb67xrdN7vJnMxXXir8Z5hA4HJUzPFccXjsL,FTX,medium,1,auto_snapshot_label,持仓快照标签 'Raydium (MSFTx-USDC) Market' 命中交易所关键词,,,
solana,u6PJ8DtQuPFnfmwHbGFULQ4u4EgjDiyYKjVEsynXq2w,Gate.io,medium,1,auto_snapshot_label,持仓快照标签 'Gate.io' 命中交易所关键词,,,
solana,HiRpdAZifEsZGdzQ5Xo5wcnaH3D2Jj9SoNsUzcYNK78J,Gate.io,medium,1,auto_snapshot_label,持仓快照标签 'Gate.io 2' 命中交易所关键词,,,
solana,bazxfWH6Vu2FncaSKc3kkgvyCuPwyFpx4ryZPcNiG7x,Gemini,medium,1,auto_snapshot_label,持仓快照标签 'Gemini Cold Wallet (bazxf)' 命中交易所关键词,,,
solana,HFWv1riXSRJ3nVnnLZ9xi1K4r3zppRvcfVuiAGqAA8Y6,Gemini,medium,1,auto_snapshot_label,持仓快照标签 'Gemini Hot Wallet (HFWv1)' 命中交易所关键词,,,
solana,8NBEbxLknGv5aRYefFrW2qFXoDZyi9fSHJNiJRvEcMBE,HTX,medium,1,auto_snapshot_label,持仓快照标签 'HTX Cold Wallet (8NBEb)' 命中交易所关键词,,,
solana,Cw32Ny2xcYdpfJmvFd7h2pRhcbcjoJFq8KrrA8YLwZeh,HTX,medium,1,auto_snapshot_label,持仓快照标签 'HTX Cold Wallet (Cw32N)' 命中交易所关键词,,,
solana,Cmcot2ren9ZrZuMQCUUhZAzmWXyZLVuwm8JeZQuxfmrF,Korbit,medium,1,auto_snapshot_label,持仓快照标签 'Korbit Hot Wallet (Cmcot)' 命中交易所关键词,,,
solana,6LY1JzAFVZsP2a2xKrtU6znQMQ5h4i7tocWdgrkZzkzF,Kraken,medium,1,auto_snapshot_label,持仓快照标签 'Kraken Hot Wallet (6LY1J)' 命中交易所关键词,,,
solana,EFE3j1pcSP1paUzA86zW7989ZjsFP2J7ginyUqo4ewqR,Kraken,medium,1,auto_snapshot_label,持仓快照标签 'Kraken Cold Wallet (EFE3j)' 命中交易所关键词,,,
solana,E2RvJg2myWpKcbkhBuF81gfhYr6KvmNcDbSmr5qnatYy,Kraken,medium,1,auto_snapshot_label,持仓快照标签 'Kraken Cold Wallet (E2RvJ)' 命中交易所关键词,,,
solana,F7RkX6Y1qTfBqoX5oHoZEgrG1Dpy55UZ3GfWwPbM58nQ,Kraken,medium,1,auto_snapshot_label,持仓快照标签 'Kraken Cold Wallet (F7RkX)' 命中交易所关键词,,,
solana,3xCgDJQ3PSQpoMFnijF9sQNV3J6onmQk7U3ZkxjigeAk,Kraken,medium,1,auto_snapshot_label,持仓快照标签 'Kraken : Cold Wallet (3xCgD)' 命中交易所关键词,,,
solana,FWznbcNXWQuHTawe9RxvQ2LdCENssh12dsznf4RiouN5,Kraken,medium,1,auto_snapshot_label,持仓快照标签 'Kraken Hot Wallet (FWznb)' 命中交易所关键词,,,
solana,FZ1t8TZtx7VSCQdBsxvFJiezj9paUBF6Ub7RKA2eTGyE,KuCoin,medium,1,auto_snapshot_label,持仓快照标签 'KuCoin Cold Wallet (FZ1t8)' 命中交易所关键词,,,
solana,6BhBoBB47wSGjK5uzcGWNcTf2oNRPQNuv6GVdkNyj9PB,KuCoin,medium,1,auto_snapshot_label,持仓快照标签 'KuCoin Cold Wallet (6BhBo)' 命中交易所关键词,,,
solana,AGVhmrhDi3RKLu9nxnRqp3CUpaG3SVeYXWkWcygHAk8N,KuCoin,medium,1,auto_snapshot_label,持仓快照标签 'KuCoin Cold Wallet (AGVhm)' 命中交易所关键词,,,
solana,BmFdpraQhkiDQE6SnfG5omcA1VwzqfXrwtNYBwWTymy6,KuCoin,medium,1,auto_snapshot_label,持仓快照标签 'KuCoin Hot Wallet (BmFdp)' 命中交易所关键词,,,
solana,GL8T72PKygWaYrLKtSteN9UUvYYnuC8azNDunk4eaqqQ,KuCoin,medium,1,auto_snapshot_label,持仓快照标签 'KuCoin Cold Wallet (GL8T7)' 命中交易所关键词,,,
solana,8s9j5qUtuE9PGA5s7QeAXEh5oc2UGr71pmJXgyiZMHkt,LBank,medium,1,auto_snapshot_label,持仓快照标签 'LBank Hot Wallet (8s9j5)' 命中交易所关键词,,,
solana,7PyUB9CrytVFSyeS7Gif9QwvZhZZYBBBYaAexmp2hd5D,LBank,medium,1,auto_snapshot_label,"持仓快照标签 'Squad Vault ""Solbank Treasury"" (7PyUB)' 命中交易所关键词",,,
solana,5PAhQiYdLBd6SVdjzBQDxUAEFyDdF5ExNPQfcscnPRj5,MEXC,medium,1,auto_snapshot_label,持仓快照标签 'MEXC #2' 命中交易所关键词,,,
solana,ASTyfSima4LLAdDgoFGkgqoKowG1LZFDr9fAQrg7iaJZ,MEXC,medium,1,auto_snapshot_label,持仓快照标签 'MEXC' 命中交易所关键词,,,
solana,C68a6RCGLiPskbPYtAcsCjhG8tfTWYcoB4JjCrXFdqyo,OKX,medium,1,auto_snapshot_label,持仓快照标签 'OKX Hot Wallet (C68a6)' 命中交易所关键词,,,
solana,8wM44Ryv9DFCSfkgUnPEPgnsc53arT4cnmXL6LnnC4UW,OKX,medium,1,auto_snapshot_label,持仓快照标签 'OKX Hot Wallet (8wM44)' 命中交易所关键词,,,
solana,EkeyuVghbRfGWPyEtm3vnjKZPbUXXrPqxdar8fsEMuXd,OKX,medium,1,auto_snapshot_label,持仓快照标签 'OKX: Hot Wallet 5' 命中交易所关键词,,,
solana,CBEADkb8TZAXHjVE3zwad4L995GZE7rJcacJ7asebkVG,OKX,medium,1,auto_snapshot_label,持仓快照标签 'OKX Cold Wallet (CBEAD)' 命中交易所关键词,,,
solana,3LzmBquLMap6ak2ofyeDbH99VhJ84k336RJzkLBwq3b1,OKX,medium,1,auto_snapshot_label,持仓快照标签 'OKX Cold Wallet (3LzmB)' 命中交易所关键词,,,
solana,EhDyxGpEz9hryw6MwiBB7898WEzcoGTCAjVQMHbo6Q1M,OKX,medium,1,auto_snapshot_label,持仓快照标签 'OKX Hot Wallet (EhDyx)' 命中交易所关键词,,,
solana,2YxQCXt9spMwoQZiwFLwdjHtscVvXi4nmxCkQCD6Rvgg,OKX,medium,1,auto_snapshot_label,持仓快照标签 'OKX Hot Wallet (2YxQC)' 命中交易所关键词,,,
solana,3n7E2gZmCaDGpmvmHVHhHg13x7y1zG37tnEXvizxnKY1,OKX,medium,1,auto_snapshot_label,持仓快照标签 'OKX Cold Wallet (3n7E2)' 命中交易所关键词,,,
solana,4UP7t9p3HEd9gfF9gFKkGa1ZvLXFS2naHgnxB4fwpLfS,OKX,medium,1,auto_snapshot_label,持仓快照标签 'OKX Hot Wallet (4UP7t)' 命中交易所关键词,,,
solana,9un5wqE3q4oCjyrDkwsdD48KteCJitQX5978Vh7KKxHo,OKX,medium,1,auto_snapshot_label,持仓快照标签 'OKX Hot Wallet (9un5w)' 命中交易所关键词,,,
solana,7Ci23i82UMa8RpfVbdMjTytiDi2VoZS8uLyHhZBV2Qy7,Poloniex,medium,1,auto_snapshot_label,持仓快照标签 'Poloniex Hot Wallet (7Ci23)' 命中交易所关键词,,,
solana,51PZFsSVorGDsWLopZvsqZ4zT1cHNzhfsL9KaJtBqZk1,Upbit,medium,1,auto_snapshot_label,持仓快照标签 'Upbit Hot Wallet (51PZF)' 命中交易所关键词,,,
solana,5PLU3MB93miiNvd1dcY6VkWSzjeGBQpssqbbBJDALrkm,Upbit,medium,1,auto_snapshot_label,持仓快照标签 'Upbit Hot Wallet (5PLU3)' 命中交易所关键词,,,
solana,8m5Aj17QvyLXuS747LEWMhoQ7gWrSNXia2ZfpBK4C5za,Upbit,medium,1,auto_snapshot_label,持仓快照标签 'Upbit Hot Wallet (8m5Aj)' 命中交易所关键词,,,
solana,6pVyMqt1j4Dvq9sB781Sp6uBBFzshGTgRA8K4zDPhskp,Upbit,medium,1,auto_snapshot_label,持仓快照标签 'Upbit Hot Wallet (6pVyM)' 命中交易所关键词,,,
solana,7yEJAtVPDop5P5Xgn8qkjMb3RqitpfmJwQHTbT1TBdwJ,Upbit,medium,1,auto_snapshot_label,持仓快照标签 'Upbit Hot Wallet (7yEJA)' 命中交易所关键词,,,
solana,GBXCqDbUDiNXtiZj1tTerNVqjvQSTf4KhTwi5SPnkbzL,Upbit,medium,1,auto_snapshot_label,持仓快照标签 'Upbit Hot Wallet (GBXCq)' 命中交易所关键词,,,
solana,555oNTKdRECgyLn8fBvySoN6hXMCszFq1Y4oea9p3ZFB,Upbit,medium,1,auto_snapshot_label,持仓快照标签 'Upbit Hot Wallet (555oN)' 命中交易所关键词,,,
solana,FH9iLV5Z8EUEDMnW6CzUPkpDhWJCsHqJ5N4W23njNsUo,Upbit,medium,1,auto_snapshot_label,持仓快照标签 'Upbit Hot Wallet (FH9iL)' 命中交易所关键词,,,
solana,41uCv6a1JPwZT4pDAN4AGvPosHVx2ndkNFEFgKLzd5wx,XT.COM,medium,1,auto_snapshot_label,持仓快照标签 'XT.com: Hot Wallet' 命中交易所关键词,,,
