date,flow_m,pct,ret_same,fwd1,fwd2,fwd3,fwd5,fwd10,cum5,cum10,cum20
2024-07-23,106.6,0.8312,-0.042163050379056766,-0.048158,-0.018421,-0.025814,-0.00521,-0.129655,106.6,106.6,106.6
2024-07-24,-133.3,0.0724,-0.04815790105091411,0.031241,0.023474,0.029732,0.032927,-0.153157,-26.7,-26.7,-26.7
2024-07-25,-152.4,0.0557,0.031241433419353593,-0.007532,-0.001464,0.013459,-0.012631,-0.261004,-179.1,-179.1,-179.1
2024-07-26,-162.7,0.0482,-0.007531731045398171,0.006114,0.02115,0.009236,-0.014316,-0.24269,-341.8,-341.8,-341.8
2024-07-29,-98.3,0.0928,-0.011667626406823284,-0.014243,-0.023336,-0.088482,-0.180152,-0.207515,-440.1,-440.1,-440.1
2024-07-30,33.7,0.6512,-0.014242702483397762,-0.009225,-0.075312,-0.101978,-0.25155,-0.192704,-513.0,-406.4,-406.4
2024-07-31,-77.2,0.141,-0.009224875289341128,-0.066703,-0.093617,-0.160563,-0.231692,-0.202088,-456.9,-483.6,-483.6
2024-08-01,26.7,0.6364,-0.06670268953389946,-0.028838,-0.100569,-0.190592,-0.216424,-0.089341,-277.8,-456.9,-456.9
2024-08-02,-54.3,0.1967,-0.028837626459534693,-0.073861,-0.166558,-0.152336,-0.075932,-0.06924,-169.4,-511.2,-511.2
2024-08-05,48.8,0.6939,0.017063590506904758,-0.048157,0.090135,0.056113,0.03853,0.053519,-22.3,-462.4,-462.4
2024-08-06,98.4,0.8182,-0.04815701642769743,0.145289,0.109545,0.114183,0.162184,0.116071,42.4,-470.6,-364.0
2024-08-07,-23.7,0.3024,0.14528852272775827,-0.031209,-0.027159,-0.047338,0.007242,-0.026447,95.9,-361.0,-387.7
2024-08-08,-2.9,0.4508,-0.031209096095972888,0.00418,-0.016648,0.047442,0.023835,0.014339,66.3,-211.5,-390.6
2024-08-09,-15.8,0.3488,0.004180299472650972,-0.020742,0.043082,0.035362,-0.015344,-0.014279,104.8,-64.6,-406.4
2024-08-12,5.0,0.5102,-0.0074012825459823794,-0.01525,-0.048974,-0.040537,-0.033447,0.022425,61.0,38.7,-401.4
2024-08-13,24.3,0.6271,-0.015249850981669866,-0.034247,-0.025678,-0.017535,-0.009275,0.04007,-13.1,29.3,-377.1
2024-08-14,10.8,0.5455,-0.03424667834665507,0.008872,0.017304,0.016327,0.001082,0.068415,21.4,117.3,-366.3
2024-08-15,-39.2,0.2542,0.008872088541808543,0.008358,0.007389,0.016836,0.014609,0.033853,-14.9,51.4,-405.5
2024-08-16,-15.0,0.3544,0.008358029264678546,-0.000961,0.008407,-0.015946,0.003375,-0.060157,-14.1,90.7,-420.5
2024-08-19,-13.5,0.3618,-0.024150427869381152,0.022504,0.019634,0.073914,0.06726,-0.018091,-32.6,28.4,-434.0
2024-08-20,-6.5,0.4156,0.022504287364233377,-0.002807,0.050278,0.052111,0.018966,-0.044676,-63.4,-76.5,-547.1
2024-08-21,-18.0,0.3321,-0.002806745316386361,0.053234,0.055072,0.046709,-0.063318,-0.075305,-92.2,-70.8,-431.8
2024-08-22,-0.8,0.4694,0.05323417238749051,0.001745,-0.006196,-0.029813,-0.084832,-0.081417,-53.8,-68.7,-280.2
2024-08-23,-5.7,0.4249,0.0017453776461302528,-0.007927,-0.031503,-0.112211,-0.086799,-0.123753,-44.5,-58.6,-123.2
2024-08-26,-13.2,0.3636,-0.08333302230101702,0.029043,0.028624,0.028099,-0.012797,-0.094577,-44.2,-76.8,-38.1
2024-08-27,-3.4,0.4397,0.029043396118860976,-0.000408,-0.000918,-0.006093,0.003731,-0.100937,-41.1,-104.5,-75.2
2024-08-28,5.9,0.5176,-0.0004075479462352094,-0.000511,-0.005688,-0.040269,-0.040467,-0.091197,-17.2,-109.4,7.9
2024-08-29,-1.7,0.4638,-0.0005106322339568647,-0.00518,-0.039778,0.004653,-0.02983,-0.06606,-18.1,-71.9,-20.5
2024-09-03,-47.4,0.2208,0.010569088921433156,-0.033596,-0.092245,-0.072442,-0.037344,-0.013479,-59.8,-104.3,-13.6
2024-09-04,-37.5,0.2653,-0.033596361958957766,-0.060688,-0.040197,-0.030194,0.008558,-0.022185,-84.1,-128.3,-99.9
2024-09-05,-0.2,0.4731,-0.06068759847425631,0.021815,0.032464,0.06048,0.051949,0.031888,-80.9,-122.0,-198.5
2024-09-06,-6.0,0.4212,0.02181499302963541,0.010422,0.03784,0.050796,0.038984,0.030094,-92.8,-110.0,-180.8
2024-09-09,-5.2,0.4286,0.012484150980200948,-0.020275,-0.011241,0.021159,-0.030482,0.072314,-96.3,-114.4,-183.1
2024-09-10,11.4,0.5529,-0.020275335793234373,0.009221,0.042292,0.033101,-0.01907,0.116355,-37.5,-97.3,-155.9
2024-09-11,-0.5,0.4712,0.009221022392079448,0.032769,0.023662,-0.01946,-0.008556,0.092829,-0.5,-84.6,-161.4
2024-09-12,-20.1,0.3173,0.03276869183620734,-0.008818,-0.050571,-0.058873,-0.02634,0.085183,-20.4,-101.3,-205.8
2024-09-13,1.5,0.4842,-0.008818161310829908,-0.042124,-0.0505,-0.031473,0.019825,0.097387,-12.9,-105.7,-215.1
2024-09-16,-9.4,0.3989,0.02003826358291816,0.014244,0.052965,0.093865,0.102261,0.150791,-17.1,-113.4,-185.3
2024-09-17,-15.1,0.3525,0.014244271743449222,0.038177,0.078503,0.100032,0.11454,0.12636,-43.6,-81.1,-185.4
2024-09-18,-9.8,0.3952,0.038177199833188125,0.038843,0.059581,0.046816,0.076054,0.077799,-52.9,-53.4,-181.7
2024-09-19,5.2,0.5139,0.03884263316778647,0.019963,0.007675,0.033414,0.007269,0.016092,-27.6,-48.0,-170.0
2024-09-20,2.9,0.4954,0.01996258236371662,-0.012047,0.013188,0.015547,0.007548,-0.063012,-26.2,-39.1,-149.1
2024-09-23,-79.3,0.1336,0.0023281831100896433,-0.027564,-0.007877,0.01566,0.001621,-0.089977,-96.1,-113.2,-227.6
2024-09-24,62.5,0.7384,-0.027564102564102577,0.020245,0.044449,0.036837,0.00876,-0.064167,-18.5,-62.1,-159.4
2024-09-25,43.2,0.679,0.020245065725696954,0.023724,0.016263,0.009574,-0.070031,-0.073102,34.5,-18.4,-103.0
2024-09-26,-0.1,0.4768,0.02372382758607583,-0.007288,-0.013822,-0.034171,-0.122713,-0.100901,29.2,1.6,-99.7
2024-09-27,58.7,0.7236,-0.007287834180425001,-0.006582,-0.02708,-0.084913,-0.121605,-0.087535,85.0,58.8,-46.9
2024-09-30,-0.8,0.4694,-0.0594428577469065,-0.034269,-0.040096,-0.013679,-0.003302,-0.003429,163.5,67.4,-46.0
2024-10-01,-48.6,0.2152,-0.034268549359380396,-0.006035,0.02132,0.021337,0.024862,0.047435,52.4,33.9,-47.2
2024-10-02,14.4,0.5807,-0.006034701650444396,0.027521,0.027538,0.038331,0.038787,0.050687,23.6,58.1,4.7
2024-10-03,-3.2,0.4471,0.027521138993673366,1.7e-05,0.010521,0.003468,-0.018141,0.089294,20.5,49.7,1.7
2024-10-04,7.4,0.5288,1.657426513856919e-05,0.010504,0.003452,0.010947,-0.011676,0.080015,-30.8,54.2,15.1
2024-10-08,-8.1,0.4082,-0.028788773034297388,0.0066,0.02906,0.044518,0.109419,0.117256,-38.1,125.4,12.2
2024-10-10,3.1,0.4972,0.02231222015394696,0.015022,0.012028,0.07809,0.070508,0.093571,13.6,66.0,3.9
2024-10-11,-0.1,0.4768,0.015021776038975476,-0.002949,0.062135,0.053105,0.052491,0.059267,-0.9,22.7,4.3
2024-10-14,17.0,0.59,-0.008501719363379068,0.001481,-0.000583,0.013267,0.053884,-0.063851,19.3,39.8,41.4
2024-10-15,-12.7,0.3711,0.0014808960572101348,-0.002061,0.011768,0.014197,0.021545,-0.049169,-0.8,-31.6,27.2
2024-10-16,24.2,0.6252,-0.002060994717264286,0.013858,0.016292,0.054499,0.006438,-0.037539,31.5,-6.6,60.8
2024-10-17,48.4,0.6902,0.013857912253695703,0.002401,0.040085,0.009663,-0.044402,-0.028253,76.8,90.4,124.3
2024-10-18,1.9,0.4861,0.0024005058479199537,0.037595,0.007245,-0.009696,-0.042328,-0.003086,78.8,77.9,136.0
2024-10-21,-20.8,0.3154,-0.01681898126099235,-0.037356,-0.032951,-0.069296,-0.043696,-0.042036,41.0,60.3,110.0
2024-10-22,11.9,0.5603,-0.03735629991837608,0.004576,-0.03318,-0.016562,0.016899,-0.011978,65.6,64.8,119.0
2024-10-23,1.2,0.4824,0.0045763598326358235,-0.037584,-0.021042,-0.011111,0.040976,-0.030804,42.6,74.1,199.5
2024-10-24,2.3,0.4898,-0.037583961441829405,0.017188,0.027507,0.051797,0.089857,-0.017512,-3.5,73.3,139.3
2024-10-25,-19.2,0.321,0.01718782017130449,0.010145,0.034024,0.063351,0.014637,-0.024423,-24.6,54.2,76.9
2024-10-28,-1.1,0.4657,0.028361692428180207,0.007608,-0.045812,-0.048388,-0.068954,0.122321,-4.9,36.1,75.9
2024-10-29,7.6,0.5306,0.007608135552120254,-0.053017,-0.055574,-0.062327,-0.098516,0.175858,-9.2,56.4,24.8
2024-10-30,4.4,0.5009,-0.053016515251789964,-0.0027,-0.009832,-0.024254,-0.038497,0.264782,-6.0,36.6,30.0
2024-10-31,13.0,0.5696,-0.0027001592299780164,-0.007151,-0.021612,-0.04547,0.083979,0.343789,4.7,1.2,91.6
2024-11-01,-10.9,0.3859,-0.00715090560884224,-0.014565,-0.038595,-0.02895,0.161272,0.301719,13.0,-11.6,66.3
2024-11-04,-63.2,0.1763,0.010031826543253741,0.124336,0.195893,0.223299,0.315422,0.276833,-49.1,-54.0,6.3
2024-11-06,52.3,0.6994,0.06364394359575254,0.022916,0.079865,0.09995,0.120942,0.062964,-4.4,-13.6,51.2
2024-11-07,79.7,0.7848,0.0229162637787661,0.055673,0.075308,0.139393,0.07656,0.083845,70.9,64.9,139.0
2024-11-08,85.9,0.7996,0.05567296395824628,0.018599,0.079305,0.038039,-0.021106,-0.005657,143.8,148.5,221.8
2024-11-11,295.5,0.9518,-0.03823384750312586,-0.017585,-0.056978,-0.047514,-0.051722,0.0259,450.2,463.2,517.4
2024-11-12,135.9,0.8683,-0.017584828002637054,-0.040098,-0.030465,-0.01699,0.006767,0.065048,649.3,600.2,636.3
2024-11-13,146.9,0.8813,-0.040098466555865575,0.010036,0.024074,0.005573,0.015782,0.098643,743.9,739.5,795.9
2024-11-14,-3.2,0.4471,0.010035837610216092,0.013898,-0.004418,0.038402,-0.006695,0.105173,661.0,731.9,768.5
2024-11-15,-59.8,0.1837,0.013898277674456061,-0.018065,0.024168,-0.008096,0.071362,0.061393,515.3,659.1,660.3
2024-11-18,-39.1,0.256,-0.03150307742144476,-0.012315,0.080107,0.070983,0.081574,0.156033,180.7,630.9,619.3
2024-11-19,-81.3,0.1262,-0.012314510474891738,0.093574,0.084336,0.105918,0.112623,0.206665,-36.5,612.8,558.8
2024-11-20,-30.3,0.2783,0.09357385910356397,-0.008447,0.011288,0.001358,-0.009305,0.105055,-213.7,530.2,516.6
2024-11-21,-9.0,0.4007,-0.008447424681844451,0.019904,0.009889,0.026087,0.097845,0.094957,-219.5,441.5,506.4
2024-11-22,91.3,0.8071,0.019903605050975104,-0.009819,0.006062,-0.020363,0.054544,0.06492,-68.4,446.9,595.4
2024-11-25,2.9,0.4954,-0.026266345129531854,0.098796,0.076464,0.080348,0.115434,0.202749,-26.4,154.3,617.5
2024-11-26,40.6,0.6753,0.09879567319974636,-0.020323,-0.016789,0.013636,-0.002631,0.09407,95.5,59.0,659.2
2024-11-27,90.1,0.8052,-0.020323424182413063,0.003607,0.034663,0.036202,0.009839,0.118864,215.9,2.2,741.7
2024-11-29,332.9,0.9647,0.03094449853943515,0.001487,-0.016048,-0.023993,0.022015,-0.020868,557.8,338.3,1070.2
2024-12-02,24.2,0.6252,-0.008074026536780132,0.061914,0.047138,0.106428,0.107962,0.079844,490.7,422.3,1081.4
2024-12-03,132.6,0.8646,0.061913504127935504,-0.013914,0.041919,0.041409,-0.033379,0.007251,620.4,594.0,1224.9
2024-12-04,167.7,0.8942,-0.013913949098483425,0.056621,0.056103,0.058086,-0.041959,0.045201,747.5,843.0,1455.8
2024-12-05,428.5,0.9777,0.05662066215862982,-0.00049,0.001387,-0.072268,-0.042809,-0.004246,1085.9,1301.8,1832.0
2024-12-06,83.8,0.7922,-0.0004897857187480259,0.001878,-0.071814,-0.092852,-0.029819,-0.027246,836.8,1394.6,1836.1
2024-12-09,149.8,0.885,-0.022666361395806134,0.055683,0.069485,0.076397,0.090977,-0.043413,962.4,1453.1,1900.0
2024-12-10,305.7,0.9555,0.055682945650975535,0.013074,0.019622,0.009962,0.040288,-0.128664,1135.5,1755.9,1910.2
2024-12-11,102.0,0.8237,0.013074216016958795,0.006463,-0.003072,0.020095,0.002652,-0.154546,1069.8,1817.3,1876.3
2024-12-12,273.7,0.9481,0.006463051343634341,-0.009474,0.013545,0.020268,-0.071743,-0.124145,915.0,2000.9,2003.1
2024-12-13,23.6,0.6197,-0.009473576403113526,0.023238,0.030026,0.005741,-0.116812,-0.097356,854.8,1691.6,2029.9
2024-12-16,51.1,0.6976,-0.023577329625874666,-0.068215,-0.121854,-0.107929,-0.156782,-0.1436,756.1,1718.5,2140.8
2024-12-17,144.7,0.8794,-0.06821458770795796,-0.057566,-0.042622,-0.079384,-0.056452,-0.061472,595.1,1730.6,2324.6
2024-12-18,2.5,0.4917,-0.05756606167595302,0.015857,-0.023151,-0.039775,0.02203,-0.017924,495.6,1565.4,2408.4
2024-12-19,-60.5,0.1818,0.015857406269207175,-0.038399,-0.054764,-0.014446,0.007157,-0.031914,161.4,1076.4,2378.2
2024-12-20,-75.1,0.1503,-0.03839948370442081,-0.017018,0.02491,0.046252,-0.001333,-0.000309,62.7,917.5,2312.1
2024-12-23,130.8,0.8627,0.020822979823079235,0.001074,-0.045481,-0.045785,-0.039093,0.033196,142.4,898.5,2351.6
2024-12-24,53.6,0.705,0.0010738923873916395,-0.046505,-0.046809,-0.026655,-0.038793,0.045847,51.3,646.4,2402.3
2024-12-26,117.2,0.8479,-0.00031801749096194154,0.021143,0.007014,0.008409,0.008184,0.106129,166.0,661.6,2478.9
2024-12-27,47.7,0.6865,0.02114288629658856,-0.013837,-0.01247,-0.019388,0.015368,-0.006807,274.2,435.6,2436.5
2024-12-30,-55.5,0.1929,-0.007005723026924704,0.00683,0.035444,0.081317,0.08943,-0.021294,293.8,356.5,2048.1
2024-12-31,36.0,0.6605,0.006830367712950647,0.028419,0.073981,0.0883,0.097149,-0.023076,199.0,341.4,2059.9
2025-01-02,-77.5,0.1391,0.04430319292121454,0.013332,0.007503,0.021572,-0.078303,-0.130755,67.9,119.2,1849.8
2025-01-03,58.9,0.7254,0.013331892047706573,-0.005752,0.008132,-0.075659,-0.119735,-0.118162,9.6,175.6,1741.0
2025-01-06,128.7,0.859,-0.08311537501492239,-0.015979,-0.047683,-0.033693,-0.033639,0.02752,90.6,364.8,1441.2
2025-01-07,-86.8,0.115,-0.015979262468263422,-0.032219,-0.018001,-0.013093,-0.056908,-0.005617,59.3,353.1,1270.6
2025-01-08,-159.4,0.0501,-0.03221887423392222,0.014691,0.019762,0.014747,0.001787,-0.001271,-136.1,62.9,961.4
2025-01-10,-68.5,0.1633,0.004997672652441221,-0.004918,-0.044396,-0.017627,0.007648,0.013675,-127.1,-59.2,587.2
2025-01-13,-39.4,0.2505,0.028012142315075206,0.070041,0.025729,0.077044,-0.003052,0.02625,-225.4,-215.8,445.8
2025-01-14,1.2,0.4824,0.07004053982797731,-0.041411,0.006545,-0.041481,-0.048293,-0.038231,-352.9,-262.3,173.3
2025-01-15,59.7,0.7273,-0.04141109629543749,0.050028,-7.3e-05,-0.028059,0.005981,-0.023115,-206.4,-147.1,209.4
2025-01-16,166.6,0.8924,0.0500281226753434,-0.047714,-0.074367,-0.054481,-0.066346,-0.083917,119.6,-16.5,324.9
2025-01-17,23.9,0.6215,-0.047713671890749376,-0.027989,-0.007107,0.006054,0.009429,-0.06978,212.0,84.9,204.1
2025-01-21,74.4,0.7755,-0.0254665255867641,0.029574,0.020549,0.023415,-0.018819,-0.038797,325.8,100.4,276.0
2025-01-22,70.7,0.7662,0.02957433682911792,-0.008766,-0.005983,-0.03217,-0.078469,-0.140757,395.3,42.4,407.2
2025-01-23,-14.9,0.3562,-0.008766043117188205,0.002808,-0.023611,-0.038575,-0.05926,-0.129942,320.7,114.3,467.4
2025-01-24,9.2,0.5362,0.002807817156397441,-0.026345,-0.041267,-0.072922,-0.021715,-0.177184,163.3,282.9,345.8
2025-01-27,-136.2,0.0668,-0.03301802269104892,0.011895,0.055235,0.072673,-0.067592,-0.148019,3.2,215.2,156.0
2025-01-29,-4.7,0.4323,0.042829834058890626,0.016526,-0.03994,-0.116398,-0.158919,-0.190948,-75.9,249.9,34.1
2025-01-30,67.8,0.7551,0.01652566654137888,-0.055548,-0.130762,-0.127538,-0.155327,-0.19382,-78.8,316.5,54.2
2025-01-31,27.8,0.6401,-0.055547810274284015,-0.079638,-0.076224,-0.123929,-0.138299,-0.165325,-36.1,284.6,137.5
2025-02-03,83.6,0.7904,-0.05164154528622389,0.020868,-0.016403,-0.040062,-0.03808,-0.001938,38.3,201.6,185.1
2025-02-04,307.8,0.9592,0.0208679025505214,-0.036509,-0.059684,-0.055978,-0.045572,-0.034184,482.3,485.5,570.4
2025-02-05,18.1,0.5974,-0.03650879081449587,-0.024054,-0.020207,-0.022039,-0.031364,-0.009403,505.1,429.2,529.6
2025-02-06,10.7,0.5436,-0.024053626291779207,0.003942,0.002064,0.015008,0.044447,0.046683,448.0,369.2,411.6
2025-02-10,-22.5,0.3061,-0.02216549686277003,0.052329,0.028254,0.047562,0.022672,0.022999,397.7,361.6,475.9
2025-02-11,12.6,0.5659,0.052329269558597735,-0.022878,-0.00453,-0.01659,0.002141,0.009086,326.7,365.0,647.9
2025-02-12,-40.9,0.2449,-0.022877894444566227,0.018777,0.006435,-0.005429,-0.001477,0.053849,-22.0,460.3,675.5
2025-02-13,12.8,0.5677,0.018777201142634814,-0.012115,-0.02376,0.006702,-0.00392,-0.077978,-27.3,477.8,727.7
2025-02-14,11.7,0.5584,-0.012114917386612967,-0.011788,0.019047,-0.007861,0.01677,-0.073291,-26.3,421.7,738.2
2025-02-18,4.6,0.5028,0.01628491295865664,0.008404,-0.019605,0.017667,-0.07435,-0.18329,0.8,398.5,683.1
2025-02-19,19.0,0.603,0.008404383101331625,-0.027776,0.009186,0.029841,-0.088576,-0.080292,7.2,333.9,535.5
2025-02-20,-13.1,0.3655,-0.02777625535739736,0.038018,0.059263,-0.055839,-0.122337,-0.192656,35.0,13.0,498.5
2025-02-21,-8.9,0.4026,0.038017926602401664,0.020467,-0.09042,-0.096871,-0.164862,-0.214156,13.3,-14.0,415.2
2025-02-24,-78.0,0.1373,-0.00709318663997105,-0.06379,-0.075283,-0.103373,0.009088,-0.141807,-76.4,-102.7,266.5
2025-02-25,-50.1,0.2115,-0.06378961294072838,-0.012277,-0.042281,-0.050841,-0.080121,-0.056733,-131.1,-130.3,231.3
2025-02-26,-94.3,0.102,-0.012276637562999682,-0.030377,-0.039043,0.09124,-0.059025,-0.124622,-244.4,-237.2,127.8
2025-02-27,-71.2,0.1596,-0.030377255425593552,-0.008938,0.125428,-0.039511,0.001726,-0.16636,-302.5,-267.5,192.8
2025-02-28,-41.9,0.2356,-0.0089377132152072,0.135577,-0.030849,-0.020793,-0.006884,-0.132631,-335.5,-322.2,155.6
2025-03-03,-12.1,0.3766,0.01037603224995598,0.032223,0.014204,-0.013725,-0.069712,-0.119659,-269.6,-346.0,75.7
2025-03-04,14.6,0.5844,0.032222841636297295,-0.017456,-0.044513,-0.016787,-0.167797,-0.135767,-204.9,-336.0,62.5
2025-03-05,-63.3,0.1744,-0.017456314579660237,-0.027538,0.000681,-0.082741,-0.126618,-0.143263,-173.9,-418.3,-84.4
2025-03-06,-10.0,0.3915,-0.027537772447691067,0.029018,-0.056766,-0.129027,-0.109066,-0.100597,-112.7,-415.2,-402.2
2025-03-07,-23.1,0.3043,0.0290182742254943,-0.083365,-0.153588,-0.127213,-0.153929,-0.123568,-93.9,-429.4,-443.4
2025-03-10,-37.5,0.2653,0.031161002086339096,-0.007994,-0.030609,-0.006148,-0.019057,0.021949,-119.3,-388.9,-491.6
2025-03-11,-21.6,0.3135,-0.00799434102600105,-0.022797,0.001861,0.015221,0.009506,0.037919,-155.5,-360.4,-490.7
2025-03-12,-10.3,0.3896,-0.022797340659801657,0.025234,0.038905,0.011917,0.035884,0.075782,-102.5,-276.4,-513.6
2025-03-13,-73.6,0.154,0.02523393569987542,0.013335,-0.012989,0.00763,0.075581,0.08877,-166.1,-278.8,-546.3
2025-03-14,-46.9,0.2226,0.013334798695827432,-0.025978,-0.005629,-0.002908,0.023989,0.066597,-189.9,-283.8,-606.0
2025-03-17,-7.3,0.41,0.0027371362387489384,0.064523,0.026976,0.017699,0.038516,-0.017932,-159.7,-279.0,-625.0
2025-03-18,-52.8,0.2022,0.0645226453404053,-0.035271,-0.043986,-0.036809,0.012262,-0.110884,-190.9,-346.4,-682.4
2025-03-19,-11.7,0.3785,-0.03527133480276956,-0.009033,-0.001594,0.011237,0.04161,-0.088631,-192.3,-294.8,-713.1
2025-03-20,-12.5,0.3729,-0.009033045513234361,0.007507,0.020455,0.058835,0.022333,-0.072893,-131.2,-297.3,-712.5
2025-03-21,-18.6,0.3284,0.0075070871992710675,0.012851,0.050946,0.043272,0.01174,-0.038064,-102.9,-292.8,-722.2
2025-03-25,-3.3,0.4434,-0.027372386476985366,-0.002932,-0.056091,-0.090293,-0.093145,-0.10133,-98.9,-258.6,-647.5
2025-03-26,-5.9,0.423,-0.0029322593331972957,-0.053315,-0.087617,-0.097768,-0.049226,-0.211114,-52.0,-242.9,-603.3
2025-03-27,-4.2,0.4341,-0.05331535849810265,-0.036234,-0.046956,-0.039256,-0.053755,-0.181211,-44.5,-236.8,-513.2
2025-03-28,4.7,0.5065,-0.036233795002162394,-0.011126,-0.003136,0.042078,-0.005932,-0.194082,-27.3,-158.5,-437.3
2025-03-31,6.4,0.5195,0.04535598021508691,-0.057825,-0.046072,-0.046339,-0.17027,-0.177633,-2.3,-105.2,-389.0
2025-04-01,-3.6,0.4378,-0.057824504650222486,0.012474,0.01219,0.006159,-0.134697,-0.083886,-2.6,-101.5,-380.5
2025-04-02,-51.3,0.2078,0.012474221057912072,-0.000281,-0.006237,-0.130197,-0.189273,-0.120871,-48.0,-100.0,-446.4
2025-04-03,-3.6,0.4378,-0.00028076279397515336,-0.005958,-0.129953,-0.145118,-0.081103,-0.106252,-47.4,-91.9,-386.7
2025-04-04,2.1,0.4879,-0.005958248208946193,-0.124738,-0.139994,-0.184184,-0.157095,-0.120295,-50.0,-77.3,-374.6
2025-04-08,-3.3,0.4434,0.13310517631241203,-0.088165,-0.061563,-0.015036,-0.027369,-0.033709,-59.7,-62.0,-354.8
2025-04-09,-11.2,0.384,-0.08816496772917681,0.029174,0.0802,0.049521,0.043659,0.042712,-67.3,-69.9,-328.5
2025-04-10,-38.8,0.2579,0.02917381388960094,0.04958,0.019771,0.036438,0.006782,0.008097,-54.8,-102.8,-345.7
2025-04-11,-29.2,0.2857,0.049579810467700325,-0.028401,-0.012521,-0.033828,-0.036968,0.068125,-80.4,-127.8,-364.6
2025-04-14,-6.0,0.4212,-0.021577060048551422,-0.007191,-0.003249,-5.7e-05,-0.000907,0.123281,-88.5,-138.5,-297.0
2025-04-15,-14.2,0.3599,-0.007191435768261978,0.003971,0.007186,0.022745,0.001307,0.154397,-99.4,-159.1,-264.3
2025-04-16,-12.1,0.3766,0.003970619949510867,0.003203,0.018701,0.00235,0.109127,0.131011,-100.3,-167.6,-269.1
2025-04-21,-25.4,0.295,0.1120774844169663,0.022152,0.007536,0.016063,0.019731,0.048788,-86.9,-141.7,-241.7
2025-04-22,38.8,0.6716,0.022152349379403802,-0.0143,-0.005957,0.014233,0.002653,0.021226,-18.9,-99.3,-191.2
2025-04-23,-23.9,0.2987,-0.014299566443386924,0.008463,0.028946,0.012104,0.0157,0.022088,-36.8,-125.3,-202.6
2025-04-24,63.5,0.7421,0.00846336499321576,0.020311,0.00361,0.008661,0.005012,0.019991,40.9,-58.5,-120.5
2025-04-25,104.1,0.8275,0.02031091452373346,-0.016368,-0.011418,-0.012874,0.009445,-0.002077,157.1,56.8,-13.1
2025-04-28,64.1,0.744,-0.001472860461755654,-0.002149,0.02261,0.024853,0.00629,0.304875,246.6,159.7,56.9
2025-04-29,18.4,0.6011,-0.002148538604117789,0.024812,0.02706,0.022223,0.014905,0.440227,226.2,207.3,79.5
2025-04-30,-2.3,0.4545,0.024811598083348763,0.002194,-0.002526,-0.015959,-0.011414,0.368111,247.8,211.0,72.5
2025-05-01,6.5,0.5213,0.0021935673501378705,-0.004709,-0.018113,-0.011835,-0.01688,0.354624,190.8,231.7,72.6
2025-05-02,20.1,0.6085,-0.004708834359826719,-0.013468,-0.007159,-0.008911,0.204082,0.461674,106.8,263.9,96.3
2025-05-06,-17.9,0.334,-0.003347612073427153,0.218989,0.295093,0.426359,0.377882,0.366795,24.8,271.4,129.7
2025-05-07,-21.8,0.3117,0.21898858651816977,0.062433,0.170117,0.139105,0.213932,0.131627,-15.4,210.8,111.5
2025-05-08,-16.1,0.3451,0.062432586764799236,0.101356,0.072167,0.063925,0.112801,0.077878,-29.2,218.6,93.3
2025-05-09,17.6,0.5937,0.10135648167896583,-0.026504,-0.033986,0.037445,-0.013231,-0.022782,-18.1,172.7,114.2
2025-05-12,-17.6,0.3358,0.07394473490072828,-0.026077,-0.048847,-0.053338,-0.067801,-0.057194,-55.8,51.0,107.8
2025-05-13,13.5,0.5733,-0.026077152531742587,-0.023379,-0.027991,-0.051615,-0.031383,-0.030463,-24.4,0.4,160.1
2025-05-14,63.5,0.7421,-0.023379102555256437,-0.004722,-0.028912,-0.019927,-0.009679,0.000895,60.9,45.5,252.8
2025-05-15,-39.8,0.2486,-0.004721813364733651,-0.024305,-0.015278,-0.00349,0.005734,0.010533,37.2,8.0,219.0
2025-05-16,22.2,0.6141,-0.024304733961162728,0.009252,0.021333,0.019805,0.076646,0.075078,41.8,23.7,255.4
2025-05-19,13.7,0.5751,-0.0014959218321479728,0.010769,0.055737,0.000912,0.010677,0.002592,73.1,17.3,281.2
2025-05-20,64.8,0.7458,0.010768541748411797,0.04449,-0.009752,-0.008231,0.004772,-0.009089,124.4,100.0,371.4
2025-05-21,0.6,0.4787,0.04448958145443971,-0.051931,-0.050475,-0.042681,-0.001457,-0.047238,61.5,122.4,333.2
2025-05-22,110.5,0.8349,-0.05193113390296278,0.001536,0.009757,0.014667,0.061381,0.03211,211.8,249.0,467.6
2025-05-23,58.6,0.7217,0.0015363963585823814,0.008208,0.013111,0.051624,0.039944,0.024865,248.2,290.0,462.7
2025-05-27,38.8,0.6716,0.007729788257940351,-0.018691,-0.056249,-0.0572,-0.027578,-0.058573,273.3,346.4,397.4
2025-05-28,84.9,0.7959,-0.01869124011341583,-0.038273,-0.039243,-0.035133,-0.0145,-0.046375,293.4,417.8,418.2
2025-05-29,91.9,0.8089,-0.03827320077557694,-0.001008,0.003265,0.03038,0.030435,0.059096,384.7,446.2,491.7
2025-05-30,70.2,0.7625,-0.001008052561046524,0.004278,0.03142,0.025753,-0.045183,0.114227,344.4,556.2,564.2
2025-06-02,78.2,0.7811,-0.005493999570301722,0.005578,-0.069155,-0.045051,-0.032344,-0.005428,364.0,612.2,635.9
2025-06-03,109.5,0.833,0.005578359360533414,-0.074318,-0.050349,-0.031926,0.027814,-0.029525,434.7,708.0,725.3
2025-06-04,57.0,0.7161,-0.07431846605949455,0.025894,0.045796,0.039546,0.166953,0.055294,406.8,700.2,800.2
2025-06-05,11.3,0.551,0.02589415226490943,0.019399,0.013307,0.082307,0.119157,0.027365,326.2,710.9,833.3
2025-06-06,25.3,0.6289,0.019399041763284774,-0.005976,0.06171,0.115852,0.046754,-0.005711,281.3,625.7,874.7
2025-06-09,52.7,0.7013,0.05099435635581839,-0.016124,-0.061923,-0.084401,-0.095684,-0.145724,255.8,619.8,909.8
2025-06-10,125.0,0.8534,-0.016123647779979544,-0.04655,-0.069396,-0.086877,-0.082019,-0.171715,271.3,706.0,1052.4
2025-06-11,240.3,0.9406,-0.04655024293047061,-0.023961,-0.042296,-0.035989,-0.050122,-0.157134,454.6,861.4,1279.2
2025-06-12,112.3,0.8367,-0.023960959801315962,-0.018785,-0.012323,-0.013564,-0.021178,-0.065048,555.6,881.8,1328.0
2025-06-13,-2.1,0.4564,-0.018785224720626603,0.006586,0.005321,-0.008171,-0.003748,-0.032447,528.2,809.5,1365.7
2025-06-16,21.4,0.6122,-0.013420522822359948,0.005779,0.00446,-0.04128,-0.112659,-0.034647,496.9,752.7,1364.9
2025-06-17,11.1,0.5492,0.005779217932315284,-0.001312,-0.046788,-0.090692,-0.044819,-0.035146,383.0,654.3,1362.3
2025-06-18,19.1,0.6048,-0.0013116754970299294,-0.045536,-0.089498,-0.116599,-0.028807,-0.008305,161.8,616.4,1316.6
2025-06-20,-11.3,0.3822,-0.046058484588969884,-0.029765,0.050448,0.066656,0.052257,0.047511,38.2,593.8,1304.7
2025-06-23,100.7,0.82,0.015429038454358057,-0.01238,-0.013499,-0.010427,0.021111,0.02422,141.0,669.2,1294.9
2025-06-24,71.3,0.7681,-0.012379574927070758,-0.001134,0.001977,0.007248,0.027725,0.040529,190.9,687.8,1307.6
2025-06-25,60.4,0.7291,-0.0011335054275881662,0.003114,0.008391,0.035083,-0.00451,0.064029,240.2,623.2,1329.2
2025-06-26,-26.4,0.2931,0.003114464867014055,0.00526,0.03187,0.025697,0.06082,0.04926,194.7,356.5,1217.9
2025-06-27,77.5,0.7792,0.0052599853017680775,0.02647,0.02033,-0.012794,0.063812,0.073587,283.5,321.7,1203.5
2025-06-30,31.8,0.6494,-0.03246387312321386,0.068945,0.077599,0.042939,0.068849,0.230183,214.6,355.6,1165.1
2025-07-01,40.7,0.6772,0.06894514592390721,0.008095,-0.024329,-0.021064,-0.010898,0.144977,184.0,374.9,1127.6
2025-07-02,-1.9,0.4601,0.008095369682062259,-0.032164,-0.028925,-0.008119,0.009189,0.146786,121.7,361.9,1016.2
2025-07-03,148.5,0.8831,-0.03216391202121871,0.003347,0.024844,0.013766,0.10405,0.201607,296.6,491.3,1107.7
2025-07-07,62.1,0.7365,0.02856726883531313,0.058811,0.128789,0.131203,0.136344,0.356695,281.2,564.7,1158.5
2025-07-08,46.7,0.6846,0.05881092743987115,0.066091,0.068371,0.06293,0.088362,0.297579,296.1,510.7,1179.9
2025-07-09,211.3,0.9221,0.06609097806843223,0.002139,-0.002965,0.006694,0.063377,0.272841,466.7,650.7,1338.5
2025-07-10,383.1,0.9703,0.002138533596328873,-0.005093,0.004545,0.018712,0.139882,0.271914,851.7,973.4,1596.6
2025-07-11,204.9,0.9202,-0.005093120229427095,0.009688,0.023927,0.066539,0.181782,0.273343,908.1,1204.7,1561.2
2025-07-14,259.0,0.9443,0.04161659352114344,0.074238,0.108053,0.130271,0.196981,0.186941,1105.0,1386.2,1707.9
2025-07-15,192.3,0.9165,0.07423779807624897,0.031479,0.052161,0.065497,0.11583,0.109611,1250.6,1546.7,1902.3
2025-07-16,726.6,0.9963,0.0314785420777024,0.020051,0.03298,0.080255,0.077477,0.113563,1765.9,2232.6,2607.5
2025-07-17,602.0,0.9926,0.020050911078193012,0.012675,0.059021,0.060513,0.022877,0.070393,1984.8,2836.5,3198.4
2025-07-18,402.5,0.9722,0.012674968136342502,0.045766,0.047239,0.043076,0.031991,0.055757,2182.4,3090.5,3581.8
2025-07-21,296.5,0.9536,-0.003975048923679059,-0.031639,-0.010627,-0.00583,0.033492,-0.069298,2219.9,3324.9,3889.6
2025-07-22,533.8,0.9889,-0.031638997226382304,0.021698,0.026652,0.031016,0.046454,-0.064802,2561.4,3812.0,4322.7
2025-07-23,332.2,0.9629,0.02169819903018344,0.004849,0.00912,0.044593,0.023029,-0.056986,2167.0,3932.9,4583.6
2025-07-24,231.2,0.9332,0.00484863202201713,0.004251,0.039552,0.019288,0.02269,-0.001275,1796.2,3781.0,4754.4
2025-07-25,452.8,0.9814,0.004250611545659755,0.035152,0.014973,0.013783,-0.01161,-0.034709,1846.5,4028.9,5233.6
2025-07-28,65.2,0.7495,-0.0011722866174920243,0.004515,-0.025048,-0.080476,-0.078213,0.057364,1615.2,3835.1,5221.3
2025-07-29,218.6,0.9276,0.004515303767588463,-0.02943,-0.08461,-0.10929,-0.023433,0.118264,1300.0,3861.4,5408.1
2025-07-30,5.8,0.5158,-0.029430221048292515,-0.056853,-0.082281,-0.054531,-0.02337,0.149379,973.6,3140.6,5373.2
2025-07-31,17.0,0.59,-0.05685255019504509,-0.026962,0.002461,0.066831,0.055871,0.210786,759.4,2555.6,5392.1
2025-08-01,-152.3,0.0575,-0.026961754464465026,0.030238,0.096391,0.064193,0.152098,0.352813,154.3,2000.8,5091.3
2025-08-04,-465.1,0.0019,-0.029367482026767644,0.019672,0.082602,0.110482,0.176883,0.229066,-376.0,1239.2,4564.1
2025-08-05,73.3,0.7737,0.019672094820494257,0.061716,0.089058,0.156984,0.146718,0.200752,-521.3,778.7,4590.7
2025-08-06,35.1,0.6549,0.061716120514722084,0.025752,0.08973,0.087087,0.174217,0.143859,-492.0,481.6,4414.5
2025-08-07,222.3,0.9314,0.025752225974823517,0.062371,0.059795,0.052945,0.184413,0.075499,-286.7,472.7,4253.7
2025-08-08,461.0,0.9852,0.06237138474202131,-0.002425,-0.008873,0.07753,0.067188,-0.043474,326.6,480.9,4509.8
2025-08-11,1018.8,1.0,0.08717672949866273,0.034659,-0.009598,-0.033153,-0.025854,0.052526,1810.5,1434.5,5269.6
2025-08-12,523.9,0.987,0.03465880491838624,-0.042775,-0.06554,-0.069108,-0.091956,0.006084,2261.1,1739.8,5601.2
2025-08-13,729.1,0.9981,-0.04277467846861127,-0.023783,-0.02751,-0.016413,-0.103695,0.051275,2955.1,2463.1,5603.7
2025-08-14,639.6,0.9944,-0.023783017913166726,-0.003818,0.00755,-0.028268,-0.023136,-0.014178,3372.4,3085.7,5641.3
2025-08-15,-59.3,0.1874,-0.003817757304221514,0.011411,-0.024544,-0.07834,-0.044459,0.040331,2852.1,3178.7,5179.5
2025-08-18,-196.6,0.0334,-0.05514955713831793,0.063958,0.03676,0.185675,0.172899,0.069886,1636.7,3447.2,4686.4
2025-08-19,-429.6,0.0056,0.06395774115475428,-0.025562,0.114401,0.102148,0.009171,0.008652,683.2,2944.3,3723.0
2025-08-20,-240.2,0.0204,-0.0255623485984543,0.143635,0.13106,0.131311,0.088735,0.039274,-286.1,2669.0,3150.6
2025-08-21,287.6,0.9499,0.1436347278452541,-0.010995,-0.010776,-0.094428,-0.067392,-0.107108,-638.1,2734.3,3207.0
2025-08-22,341.2,0.9666,-0.010995016944871705,0.000222,-0.08436,-0.037421,-0.056133,-0.094755,-237.6,2614.5,3095.4
2025-08-25,443.9,0.9796,0.05126364519631932,-0.020365,-0.019439,-0.052156,-0.04543,-0.063669,402.9,2039.6,3474.1
2025-08-26,455.0,0.9833,-0.020365380809787448,0.000946,-0.032452,-0.029488,-0.042585,-0.051755,1287.5,1970.7,3710.5
2025-08-27,309.5,0.961,0.0009456495680202348,-0.033366,-0.030405,-0.026506,-0.040919,-0.045521,1837.2,1551.1,4014.2
2025-08-28,39.1,0.6735,-0.033365860149475624,0.003063,0.007096,-0.010473,0.02055,-0.012543,1588.7,950.6,4036.3
2025-08-29,-164.6,0.0464,0.0030628749727554805,0.004021,-0.013495,-0.010844,-0.017457,-0.014547,1082.9,845.3,4024.0
2025-09-02,-135.3,0.0705,0.02858768114433974,-0.034292,-0.032038,-0.039686,-0.032426,0.048676,503.7,906.6,4353.8
2025-09-03,-38.2,0.2616,-0.03429236863284635,0.002335,-0.005585,0.0019,0.002961,0.071309,10.5,1298.0,4242.3
2025-09-04,-167.3,0.0445,0.0023349039034563646,-0.007901,-0.000434,-0.000402,0.009782,0.050126,-466.3,1370.9,4039.9
2025-09-05,-446.8,0.0037,-0.007901135933446657,0.007526,0.007559,0.008594,0.043348,0.053309,-952.2,636.5,3370.8
2025-09-08,-96.7,0.0965,0.001026956444964977,0.009152,0.034458,0.093406,0.068146,0.036693,-884.3,198.6,2813.1
2025-09-09,44.2,0.6827,0.009151889332466911,0.025077,0.08349,0.072889,0.039953,0.030001,-704.8,-201.1,1838.5
2025-09-10,171.5,0.9017,0.02507687743081033,0.056984,0.046643,0.032566,0.009547,-0.003108,-495.1,-484.6,1486.1
2025-09-11,113.1,0.8386,0.05698406501438247,-0.009784,-0.023102,-0.040182,-0.02601,-0.109104,-214.7,-681.0,870.1
2025-09-12,405.5,0.974,-0.009783838516779442,-0.01345,-0.030698,-0.035442,-0.017028,-0.107721,637.6,-314.6,636.0
2025-09-15,359.7,0.9685,-0.004894350155035698,0.019756,0.019091,-0.007317,-0.012535,-0.104289,1094.0,209.7,1055.0
2025-09-16,-61.7,0.18,0.019755923554421573,-0.000652,-0.026548,-0.023981,-0.085313,-0.12451,988.1,283.3,1189.9
2025-09-17,-1.9,0.4601,-0.0006516574766253225,-0.025913,-0.023344,-0.031034,-0.092264,-0.097215,814.7,319.6,1617.6
2025-09-18,213.1,0.9239,-0.02591318798510911,0.002637,-0.005257,-0.060367,-0.070745,-0.056758,914.7,700.0,2070.9
2025-09-19,47.8,0.6883,0.0026374177486125916,-0.007874,-0.062839,-0.070567,-0.135135,-0.074922,557.0,1194.6,1831.1
2025-09-22,-76.0,0.1429,-0.008246641536767907,-0.002821,-0.06947,-0.031733,-0.005454,0.083815,121.3,1215.3,1413.9
2025-09-23,-140.8,0.0631,-0.0028205898252147144,-0.066838,-0.028994,-0.032165,0.015051,0.080539,42.2,1030.3,829.2
2025-09-24,-79.4,0.1317,-0.06683756935894636,0.040554,0.037156,0.068795,0.069621,0.165046,-35.3,779.4,294.8
2025-09-25,-251.2,0.0167,0.04055407812863088,-0.003265,0.02714,0.04536,0.078329,0.161844,-499.6,415.1,-265.9
2025-09-26,-248.4,0.0186,-0.003265370939687373,0.030505,0.048785,0.031302,0.115681,0.106734,-795.8,-238.8,-553.4
2025-09-29,546.9,0.9907,-0.01666991060959211,0.049025,0.081818,0.088917,0.089214,-0.07791,-172.9,-51.6,158.1
2025-09-30,127.5,0.8571,0.049025405829461244,0.03126,0.038027,0.031971,0.077449,-0.138261,95.4,137.6,420.9
2025-10-01,80.9,0.7866,0.03125970753707552,0.006562,0.000689,0.006837,-0.008019,-0.074014,255.7,220.4,540.0
2025-10-02,307.1,0.9573,0.006562242006381558,-0.005834,0.000273,0.037977,0.002784,-0.060165,814.0,314.4,1014.4
2025-10-03,233.5,0.9351,-0.005834484195685663,0.006143,0.044069,-0.008703,-0.026525,-0.080659,1295.9,500.1,1694.7
2025-10-06,181.8,0.9109,-0.050544268681005367,0.017525,-0.017979,-0.140757,-0.066529,-0.138507,930.8,757.9,1973.2
2025-10-07,420.9,0.9759,0.017524562729432036,-0.034892,-0.155555,-0.172135,-0.062774,-0.14074,1224.2,1319.6,2349.9
2025-10-08,69.1,0.7607,-0.03489202351188303,-0.125025,-0.142204,-0.049438,-0.055609,-0.08824,1212.4,1468.1,2247.5
2025-10-09,-8.7,0.4045,-0.1250254819816622,-0.019634,0.086388,0.109872,0.042885,0.041244,896.6,1710.6,2125.7
2025-10-10,-174.9,0.0427,-0.019633559250155086,0.108144,0.132099,0.100951,0.03926,0.033677,488.2,1784.1,1545.3
2025-10-13,-428.5,0.0074,-0.027513739179658825,-0.033771,-0.056034,-0.071078,-0.034552,-0.046048,-122.1,808.7,757.1
2025-10-14,236.2,0.9388,-0.033771116042735416,-0.023041,-0.038611,-0.024298,-0.001574,-0.007922,-306.8,917.4,1055.0
2025-10-15,169.6,0.8998,-0.023040757465842998,-0.015938,-0.001287,0.022757,-0.005373,0.067921,-206.3,1006.1,1226.5
2025-10-16,-56.8,0.1892,-0.015937739271637885,0.014888,0.039321,0.038525,-0.006804,0.075321,-254.4,642.2,956.6
2025-10-17,-232.3,0.0223,0.014887767330985291,0.024075,0.02329,-0.004091,-0.008181,0.023296,-311.8,176.4,676.5
2025-10-20,-145.7,0.0594,-0.026757744736696565,-0.017354,-0.004107,0.016037,0.073689,-0.006378,-29.0,-151.1,606.8
2025-10-21,141.7,0.8757,-0.017354195566646302,0.013481,0.033981,0.038991,0.082688,0.017931,-123.5,-430.3,889.3
2025-10-22,-18.9,0.3228,0.01348079486215581,0.020227,0.025171,0.078118,0.031736,0.012863,-312.0,-518.3,949.8
2025-10-23,-127.4,0.0798,0.02022717309822286,0.004846,0.056743,0.047107,-0.008342,-0.084166,-382.6,-637.0,1073.6
2025-10-24,-93.6,0.1058,0.004845939301177937,0.051647,0.042057,0.006404,-0.037814,-0.168757,-243.9,-555.7,1228.4
2025-10-27,133.9,0.8664,-0.03421416205532646,-0.019404,-0.043936,-0.03297,-0.018293,-0.136566,35.7,6.7,815.4
2025-10-28,246.0,0.9425,-0.019403855630084732,-0.025018,-0.013835,-0.00724,-0.076462,-0.128272,140.0,16.5,933.9
2025-10-29,-81.4,0.1243,-0.02501807516190724,0.01147,0.018234,0.026822,-0.136089,-0.058244,77.5,-234.5,771.6
2025-10-30,-184.2,0.0353,0.011470495424424021,0.006687,0.015178,-0.063506,-0.110066,-0.072805,20.7,-361.9,280.3
2025-10-31,-98.2,0.0946,0.006686737277780352,0.008435,-0.069726,-0.15156,-0.14422,-0.117718,16.1,-227.8,-51.4
2025-11-03,-135.7,0.0686,-0.08796690865177736,0.041939,0.008651,0.045378,0.090108,-0.052988,-253.5,-217.8,-368.9
2025-11-04,-219.4,0.0315,0.04193858666536787,-0.031948,0.003301,-0.006716,0.041869,-0.074936,-718.9,-578.9,-1009.2
2025-11-05,-118.5,0.0835,-0.031948023113822166,0.036412,0.026065,0.080759,0.030968,-0.066285,-756.0,-678.5,-1196.8
2025-11-06,12.5,0.5622,0.036412469445031403,-0.009984,0.042788,0.038441,-0.006086,-0.117722,-559.3,-538.6,-1175.6
2025-11-07,-46.6,0.2245,-0.00998439301645715,0.053305,0.048914,0.004779,-0.049984,-0.081725,-507.7,-491.6,-1047.3
2025-11-11,-107.1,0.0872,-0.000837158111652303,-0.053711,-0.088549,-0.072334,-0.11232,-0.188782,-479.1,-732.6,-725.9
2025-11-12,-183.7,0.0371,-0.05371089744716506,-0.036816,-0.01968,-0.042125,-0.033411,-0.132933,-443.4,-1162.3,-1145.8
2025-11-13,-259.6,0.013,-0.03681596968533685,0.017791,-0.005512,-0.02608,-0.027999,-0.051109,-584.5,-1340.5,-1575.0
2025-11-14,-177.9,0.0408,0.017790563126767855,-0.022896,-0.043104,-0.014006,-0.105345,-0.065785,-774.9,-1334.2,-1696.1
2025-11-17,-182.7,0.039,0.03040863877282951,-0.031423,-0.092637,-0.114506,-0.102963,-0.029595,-911.0,-1418.7,-1646.5
2025-11-18,-74.2,0.1521,-0.031423355326372304,-0.063199,-0.085778,-0.084333,-0.023776,-0.011947,-878.1,-1357.2,-1575.0
2025-11-19,-37.4,0.2672,-0.06319917727316327,-0.024102,-0.022559,-0.01138,0.044219,0.055437,-731.8,-1175.2,-1754.1
2025-11-20,-261.6,0.0111,-0.0241019142454737,0.001581,0.013036,0.06782,0.094162,0.011857,-733.8,-1318.3,-1996.8
2025-11-21,55.7,0.7106,0.0015806473781869723,0.011437,0.066134,0.068319,0.088384,0.081461,-500.2,-1275.1,-1813.7
2025-11-24,96.6,0.8145,0.002049326093510162,0.022574,0.018781,0.02419,0.010743,0.021006,-220.9,-1131.9,-1623.5
2025-11-25,78.6,0.7829,0.022574233327924853,-0.003709,0.00158,-0.012251,-0.075223,0.003805,-68.1,-946.2,-1678.8
2025-11-26,60.8,0.7328,-0.0037090663863378337,0.005309,-0.008574,-0.00789,-0.006361,0.014712,30.1,-701.7,-1864.0
2025-11-28,76.6,0.7774,-0.013809492375734367,0.000689,-0.063753,0.002232,0.04821,0.109951,368.3,-365.5,-1706.0
2025-12-01,-79.0,0.1354,0.07047796759214586,0.064262,0.045875,0.008599,0.021208,0.029623,233.6,-266.6,-1600.8
2025-12-02,-9.9,0.3933,0.06426169510089719,-0.017276,-0.052302,-0.047235,-0.020059,-0.023238,127.1,-93.8,-1512.5
2025-12-03,140.2,0.872,-0.017276056064033707,-0.035642,-0.030485,-0.023585,0.058901,-0.022347,188.7,120.6,-1236.6
2025-12-04,-41.5,0.2412,-0.03564164865373998,0.005347,0.012502,0.034022,0.100123,-0.018915,86.4,116.5,-1058.7
2025-12-05,-75.2,0.1484,0.005347009316708506,0.007117,0.028523,0.092197,0.065614,-0.024926,-65.4,302.9,-1015.4
2025-12-08,35.5,0.6568,0.06190884814641673,0.0019,-0.024339,-0.0703,-0.076729,-0.101963,49.1,282.7,-992.4
2025-12-09,177.7,0.9072,0.0018995986720902192,-0.026189,-0.072063,-0.063134,-0.108204,-0.104205,236.7,363.8,-768.1
2025-12-10,57.6,0.718,-0.026188835286009682,-0.047108,-0.037938,-0.053697,-0.084966,-0.072672,154.1,342.8,-603.4
2025-12-11,-42.3,0.2301,-0.047107798143873,0.009623,-0.006915,-0.038948,-0.081515,-0.024276,153.3,239.7,-462.0
2025-12-12,-19.4,0.3191,0.009622681896904073,-0.01638,-0.048108,-0.048882,-0.091779,-0.048095,209.1,143.7,-221.8
2025-12-15,-224.8,0.026,-0.0008132962119293818,-0.043515,-0.045102,0.005907,0.013435,-0.01149,-51.2,-2.1,-268.7
2025-12-16,-224.2,0.0278,-0.0435146782669783,-0.00166,0.05167,0.051038,0.06232,0.040823,-453.1,-216.4,-310.2
2025-12-17,-22.4,0.308,-0.0016596045197739828,0.053418,0.052785,0.061302,0.048099,0.043257,-533.1,-379.0,-258.4
2025-12-18,-96.6,0.0983,0.053418455770523066,-0.000601,0.007484,0.010126,-0.010778,-0.014062,-587.4,-434.1,-317.6
2025-12-19,-75.9,0.1466,-0.0006010079474068064,0.00809,0.010734,-0.004451,-0.024935,-0.001451,-643.9,-434.8,-131.9
2025-12-22,84.6,0.7941,-0.015024148326901465,-0.005757,-0.020575,-0.012307,-0.00462,0.054197,-334.5,-385.7,-103.0
2025-12-23,-95.5,0.1002,-0.005757114558480603,-0.014904,-0.006588,0.000468,-0.003319,0.060837,-205.8,-658.9,-295.1
2025-12-24,-52.8,0.2022,-0.014903792304063135,0.008442,0.015605,0.01629,0.024084,0.083037,-236.2,-769.3,-426.5
2025-12-26,-38.7,0.2597,0.007103272493696133,0.000675,-0.003786,0.008349,0.018618,0.118011,-178.3,-765.7,-526.0
2025-12-29,-9.6,0.397,0.012181375470381006,-0.000612,0.010184,0.051029,0.057566,0.038668,-112.0,-755.9,-612.2
2025-12-30,67.9,0.7588,-0.0006123369064200412,0.010803,0.051673,0.052205,0.085278,0.038739,-128.7,-463.2,-465.3
2025-12-31,-72.0,0.1558,0.010803258820360817,0.040433,0.040959,0.046904,0.097576,0.039804,-105.2,-311.0,-527.4
2026-01-02,174.5,0.9035,0.0005057796529326364,0.005711,0.031432,0.054389,-0.006405,0.063741,122.1,-114.1,-493.1
2026-01-05,168.0,0.8961,0.02225696480142436,-0.038823,-0.057658,-0.063211,-0.052636,-0.000209,328.8,150.5,-283.6
2026-01-06,114.7,0.8404,-0.03882310815485546,-0.019596,-0.025373,-0.025904,-0.023261,0.044625,453.1,341.1,-93.7
2026-01-07,-98.3,0.0928,-0.01959577208667984,-0.005893,-0.006434,0.005329,0.070598,0.0571,286.9,158.2,-227.5
2026-01-08,-159.2,0.0519,-0.005892865768246103,-0.000544,0.011289,0.002167,0.086202,0.032671,199.7,94.5,-564.4
2026-01-09,-93.8,0.1039,-0.0005441912443516772,0.011839,0.002713,0.077531,0.075039,-0.047717,-68.6,53.5,-715.8
2026-01-12,5.1,0.5121,0.07461601117058403,0.008596,-0.002313,-0.008999,-0.012609,-0.111171,-231.5,97.3,-668.4
2026-01-13,130.0,0.8609,0.008596290180437949,-0.010816,-0.017446,-0.013241,-0.049283,-0.119638,-216.2,236.9,-519.0
2026-01-14,175.1,0.9054,-0.010816307663862434,-0.006702,-0.002451,-0.01032,-0.114188,-0.151194,57.2,344.1,-119.1
2026-01-15,164.4,0.8905,-0.00670183901115462,0.00428,-0.003642,-0.032403,-0.095336,-0.111046,380.8,580.5,269.5
2026-01-16,4.7,0.5065,0.004279509647107327,-0.007888,-0.036526,-0.112011,-0.108091,-0.085815,479.3,410.7,296.6
2026-01-20,-230.0,0.0241,0.014437214114572106,-0.00988,-0.008582,-0.009585,-0.017365,-0.177907,244.2,12.7,163.2
2026-01-21,-287.0,0.0093,-0.009880362067461457,0.001311,0.000298,-0.045988,0.024976,-0.231149,-172.8,-389.0,-47.9
2026-01-22,-42.0,0.2338,0.0013113265406392571,-0.001012,-0.047237,-0.008859,0.018368,-0.206265,-389.9,-332.7,-174.5
2026-01-23,-41.7,0.2393,-0.0010118169389660148,-0.046272,-0.007855,0.024671,-0.044406,-0.243848,-596.0,-215.2,-120.7
2026-01-26,117.0,0.846,0.032783638908805424,-0.005144,-0.067413,-0.105543,-0.249884,-0.318151,-483.7,-4.4,49.1
2026-01-27,-63.6,0.1725,-0.0051439376909141465,-0.062591,-0.100918,-0.185747,-0.220582,-0.306853,-317.3,-73.1,24.2
2026-01-28,28.1,0.6419,-0.06259138155621136,-0.040886,-0.131379,-0.195661,-0.20871,-0.259624,-2.2,-175.0,61.9
2026-01-29,-155.7,0.0538,-0.040886210563629954,-0.09435,-0.161373,-0.133095,-0.206475,-0.222386,-115.9,-505.8,-161.7
2026-01-30,-252.9,0.0148,-0.09435036183408108,-0.074005,-0.042781,-0.089027,-0.255238,-0.175022,-327.1,-923.1,-342.6
2026-02-02,-2.9,0.4508,-0.04831276246509353,-0.038177,-0.182454,-0.076018,-0.064344,-0.082711,-447.0,-930.7,-520.0
2026-02-03,14.0,0.5788,-0.038177069567204014,-0.150004,-0.039343,-0.028449,-0.020051,-0.028682,-369.4,-686.7,-674.0
2026-02-04,-79.4,0.1317,-0.1500039589941361,0.13019,0.143007,0.14447,0.107707,0.076999,-476.9,-479.1,-868.1
2026-02-05,-80.8,0.128,0.13018986821556755,0.01134,0.012635,0.020082,-0.059378,-0.031607,-402.0,-517.9,-850.6
2026-02-06,-16.7,0.3414,0.01134038612584476,0.00128,0.008644,-0.030883,-0.066531,-0.045663,-165.8,-492.9,-708.1
2026-02-09,57.0,0.7161,-0.039188007376566136,-0.040287,-0.036784,0.012906,-0.027722,-0.026545,-105.9,-552.9,-557.3
2026-02-10,13.8,0.577,-0.040286716365489195,0.003649,0.055426,0.074925,0.029525,0.016737,-106.1,-475.5,-548.6
2026-02-11,-129.1,0.0779,0.0036493528584020662,0.051588,0.071017,0.009409,0.022356,0.005064,-155.8,-632.7,-807.7
2026-02-12,-113.1,0.0853,0.05158821867858143,0.018475,-0.04011,-0.024541,-0.045336,-0.093832,-188.1,-590.1,-1095.9
2026-02-13,10.2,0.5417,0.018475288142215218,-0.057523,-0.042236,-0.045434,-0.065828,-0.11237,-161.2,-327.0,-1250.1
2026-02-17,48.6,0.692,-0.018039062029055475,-0.003387,0.006691,0.009091,-0.050799,0.004456,-169.6,-275.5,-1206.2
2026-02-18,-41.8,0.2375,-0.003386587680392017,0.010112,0.01252,0.004548,-0.049822,-0.004917,-225.2,-331.3,-1018.0
2026-02-19,-130.1,0.0761,0.01011215768806295,0.002383,-0.005509,-0.057108,0.045049,0.029901,-226.2,-382.0,-861.1
2026-02-23,-49.5,0.2134,-0.002360587883393439,0.110967,0.094874,0.041819,0.047259,0.068376,-162.6,-350.7,-868.6
2026-02-24,9.2,0.5362,0.11096705184512912,-0.014486,-0.062242,-0.045232,-0.014496,-0.042845,-163.6,-324.8,-817.7
2026-02-25,157.2,0.8868,-0.014485776805251649,-0.048458,-0.031198,-0.043489,-0.022134,-0.044772,-55.0,-224.6,-777.5
2026-02-26,6.6,0.5232,-0.0484578454736988,0.018138,0.005222,0.050915,0.102401,0.033072,-6.6,-231.8,-707.3
2026-02-27,-43.0,0.2282,0.01813844957220634,-0.012687,0.032193,0.009356,0.055361,0.036624,80.5,-145.7,-778.4
2026-03-02,38.7,0.6679,-0.022124745274314295,0.072725,0.045579,-0.002114,-0.02315,0.05508,168.7,6.1,-584.0
2026-03-03,-10.8,0.3878,0.07272497918611398,-0.025306,-0.069765,-0.074126,-0.062889,-0.014445,148.7,-14.9,-341.9
2026-03-04,169.4,0.898,-0.025305976537879138,-0.045614,-0.050087,-0.065733,-0.017754,0.050937,160.9,105.9,-169.6
2026-03-05,-90.9,0.1095,-0.04561379802912868,-0.004687,-0.02108,0.007393,0.037079,0.189112,63.4,56.8,-274.5
2026-03-06,-82.9,0.1187,-0.004687357786474888,-0.01647,0.012137,0.034038,0.052942,0.176825,23.5,104.0,-278.0
2026-03-09,-51.3,0.2078,0.02163852470536276,0.007664,0.018282,0.027326,0.069933,0.053891,-66.5,102.2,-248.5
2026-03-10,12.6,0.5659,0.007664378816836015,0.010536,0.019513,0.02159,0.146597,0.015787,-43.1,105.6,-219.2
2026-03-11,57.0,0.7161,0.01053637511640737,0.008883,0.010938,0.050724,0.117654,-0.009529,-155.5,5.4,-219.2
2026-03-12,115.9,0.8442,0.008882562964392715,0.002037,0.041473,0.124653,0.053056,0.028694,51.3,114.7,-117.1
2026-03-13,26.7,0.6364,0.0020372929828167408,0.039355,0.122366,0.105562,0.019706,0.028645,160.9,184.4,38.7
2026-03-16,35.9,0.6586,-0.014972402473146684,-0.049429,-0.077658,-0.07398,-0.113795,-0.140245,248.1,181.6,187.7
2026-03-17,138.2,0.8701,-0.04942908329556006,-0.029696,-0.025827,-0.053852,-0.023134,-0.094675,373.7,330.6,315.7
2026-03-18,-55.7,0.1911,-0.029696405458797814,0.003988,-0.024895,-0.03918,0.008766,-0.071667,261.0,105.5,211.4
2026-03-19,-136.4,0.0649,0.0039877185756542755,-0.028768,-0.042996,0.002764,0.010685,-0.055658,8.7,60.0,116.8
2026-03-20,-42.0,0.2338,-0.02876815783094333,-0.014649,0.032467,0.034521,-0.011616,0.010137,-60.0,100.9,204.9
2026-03-23,-16.2,0.3432,0.001989762948568119,0.005897,-0.044597,-0.075957,-0.079734,-0.047497,-112.1,136.0,238.2
2026-03-24,-40.7,0.2468,0.00589711825322814,-0.050198,-0.081375,-0.080498,-0.065641,-0.047772,-291.0,82.7,188.3
2026-03-25,-8.5,0.4063,-0.050198339483394805,-0.032824,-0.031901,-0.036777,0.022009,0.024369,-243.8,17.2,22.6
2026-03-26,-92.5,0.1076,-0.03282390477716757,0.000954,-0.004087,0.017127,0.073921,0.057522,-199.9,-191.2,-76.5
2026-03-27,-48.5,0.2171,0.0009540164090822145,-0.005036,0.016158,0.055687,0.031342,0.123232,-206.4,-266.4,-82.0
2026-03-30,5.0,0.5102,0.03890032532124832,0.016303,-0.02306,-0.024505,0.002309,0.066244,-185.2,-297.3,-115.7
2026-03-31,31.2,0.6475,0.01630323736392203,-0.038732,-0.040153,-0.034772,-0.01527,0.067818,-113.3,-404.3,-73.7
2026-04-01,-7.1,0.4119,-0.03873199925191706,-0.001479,0.00412,0.025968,0.089097,0.065497,-111.9,-355.7,-250.2
2026-04-02,-71.2,0.1596,-0.0014786279888713283,0.005607,0.027488,0.025924,0.066223,0.153869,-90.6,-290.5,-230.5
2026-04-06,120.2,0.8497,0.06314869856704686,-0.022451,-0.022428,0.002126,-0.021669,0.079727,78.1,-128.3,-27.4
2026-04-07,-64.7,0.1707,-0.02245058370624431,2.3e-05,0.025141,0.043392,0.082202,0.073152,8.4,-176.8,-40.8
2026-04-08,-18.6,0.3284,2.284283671483145e-05,0.025117,0.043368,0.000777,0.060418,0.033478,-41.4,-154.7,-72.0
2026-04-09,85.2,0.7978,0.0251174094987483,0.017804,-0.023744,0.055662,0.051237,0.030612,50.9,-61.0,-43.8
2026-04-10,64.9,0.7477,0.017803823699808374,-0.040821,0.037196,0.016341,0.027616,0.018513,187.0,96.4,-94.8
2026-04-13,9.5,0.538,-0.020107227288078344,0.016242,0.011094,0.04157,-0.025405,-0.003141,76.3,154.4,-112.0
2026-04-14,53.1,0.7032,0.016241809087658376,-0.005066,0.024923,-0.004188,-0.01962,-0.017237,194.1,202.5,-94.8
2026-04-15,67.9,0.7588,-0.005065984984335636,0.030142,0.000882,-0.036098,-0.008858,0.009118,280.6,239.2,-165.1
2026-04-16,18.0,0.5955,0.030141632437407306,-0.028403,-0.064302,-0.043459,-0.018456,-0.047724,213.4,264.3,-91.4
2026-04-17,127.4,0.8553,-0.028403497596849903,-0.036948,-0.015496,-0.009732,-0.008536,-0.025807,275.9,462.9,172.4
2026-04-20,67.8,0.7551,0.00585490726847393,0.020167,0.001208,-0.005266,0.018137,-0.013666,334.2,410.5,282.2
2026-04-21,43.4,0.6809,0.02016654271257412,-0.018584,-0.02493,-0.023105,-0.029818,-0.024079,324.5,518.6,341.8
2026-04-22,96.4,0.8126,-0.01858375754306707,-0.006466,-0.004607,0.016909,-0.01742,-0.003122,353.0,633.6,478.9
2026-04-23,-75.9,0.1466,-0.00646646113682614,0.001871,0.023528,-0.005013,-0.02695,0.013929,259.1,472.5,411.5
2026-04-24,23.4,0.6178,0.001871315712137056,0.021616,-0.006872,-0.012872,-0.026624,0.017798,155.1,431.0,527.4
2026-04-27,-50.4,0.2096,-0.006041836787879951,-0.016103,-0.013931,0.002609,0.014552,0.007778,36.9,371.1,525.5
2026-04-28,-21.8,0.3117,-0.016103165135008757,0.002207,0.019018,0.028594,0.042012,0.032733,-28.3,296.2,498.7
2026-04-29,-87.8,0.1132,0.00220739766913014,0.016774,0.026329,0.028886,0.045637,0.050397,-212.5,140.5,379.7
2026-04-30,-23.7,0.3024,0.016773839015462144,0.009397,0.011912,0.022564,0.024129,0.019295,-160.3,98.8,363.1
2026-05-01,101.2,0.8219,0.009397037928118745,0.002491,0.013045,0.018813,-0.011222,-0.018256,-82.5,72.6,535.5
2026-05-04,61.3,0.7347,0.005694532651921547,-0.004141,-0.029481,-0.02259,0.004552,-0.05756,29.2,66.1,476.6
2026-05-05,97.5,0.8163,-0.004140760425010659,-0.025446,-0.018526,-0.010418,-0.00472,-0.072367,148.5,120.2,638.8
2026-05-06,11.5,0.5547,-0.02544580159169252,0.007101,0.01542,0.035067,-0.007114,-0.069885,247.8,35.3,668.9
2026-05-07,-103.6,0.0891,0.007100715748654007,0.00826,0.027769,0.014067,-0.021087,-0.076829,167.9,7.6,480.1
2026-05-08,3.6,0.4991,0.00826044914295121,0.019349,0.005759,-0.022191,-0.018562,-0.092129,70.3,-12.2,418.8
2026-05-11,-17.0,0.3395,-0.02779001201568465,-0.007072,0.003712,-0.021974,-0.063221,-0.091766,-8.0,21.2,392.3
2026-05-12,-130.6,0.0742,-0.007072421952657004,0.010861,-0.015007,-0.034498,-0.056943,-0.062333,-236.1,-87.6,208.6
2026-05-13,-36.3,0.269,0.010861380086288674,-0.025591,-0.044872,-0.066685,-0.074959,-0.080221,-283.9,-36.1,104.4
2026-05-14,-5.6,0.4267,-0.025590913472914867,-0.019787,-0.042174,-0.042574,-0.042749,-0.050376,-185.9,-18.0,80.8
2026-05-15,-65.7,0.1688,-0.019787197683099,-0.022838,-0.023247,-0.0315,-0.021508,-0.048939,-255.2,-184.9,-112.3
2026-05-18,-86.4,0.1169,-0.008450016204866961,0.008337,0.010317,-0.0218,-0.005689,-0.046258,-324.6,-332.6,-266.5
2026-05-19,-62.3,0.1781,0.00833728090952146,0.001964,-0.029888,-0.005534,-0.007968,-0.050277,-256.3,-492.4,-372.2
2026-05-20,-28.1,0.2876,0.001963732030442644,-0.031789,-0.007483,-0.015843,-0.028034,-0.059298,-248.1,-532.0,-496.7
2026-05-21,-32.6,0.2746,-0.03178949540036957,0.025104,0.01647,0.022596,-0.019991,-0.028562,-275.1,-461.0,-453.4
2026-05-22,-6.6,0.4137,0.02510435936425548,-0.008423,-0.002447,-0.020706,-0.050973,-0.121815,-216.0,-471.2,-483.4
2026-05-26,-35.1,0.2727,-0.023777249287261326,-0.007303,-0.005114,-0.001048,-0.008746,-0.224885,-164.7,-489.3,-468.1
2026-05-27,-67.1,0.1651,-0.007303454069279014,0.002205,0.006302,-0.001299,-0.074647,-0.158921,-169.5,-425.8,-513.4
2026-05-28,-121.4,0.0816,0.0022051649642593762,0.004088,-0.003497,-0.003651,-0.099779,-0.160995,-262.8,-510.9,-547.0
2026-05-29,-18.0,0.3321,0.004087714505674578,-0.007553,-0.007707,-0.080442,-0.124516,-0.189426,-248.2,-523.3,-541.3
2026-06-01,-44.5,0.2263,-0.07330009970089724,-0.025014,-0.04793,-0.148798,-0.091072,-0.10408,-286.1,-502.1,-687.0
2026-06-02,-90.2,0.1113,-0.025013986314928793,-0.023504,-0.12696,-0.134546,-0.068002,-0.072857,-341.2,-505.9,-838.5
2026-06-03,-53.0,0.1985,-0.023503966984099067,-0.105946,-0.113715,-0.045314,-0.074141,-0.025494,-327.1,-496.6,-989.0
2026-06-04,19.3,0.6067,-0.10594623303538131,-0.00869,0.067817,0.067532,0.024249,0.13449,-186.4,-449.2,-981.2
2026-06-05,-6.0,0.4212,-0.008689607229753205,0.077177,0.07689,0.044651,0.066282,0.142624,-174.4,-422.6,-883.6
2026-06-08,82.4,0.7885,-0.029937071175283103,-0.010936,0.020706,0.016379,0.052544,0.043737,-47.5,-333.6,-804.8
2026-06-09,-40.9,0.2449,-0.010935898061807392,0.031992,0.027617,0.036829,0.107631,0.073597,1.8,-339.4,-828.7
2026-06-10,-35.5,0.2709,0.03199195419319811,-0.004239,0.004687,0.031192,0.071596,0.020173,19.3,-307.8,-733.6
2026-06-11,-15.9,0.3469,-0.00423898551331181,0.008964,0.035581,0.077863,0.050484,0.03713,-15.9,-202.3,-713.2
2026-06-12,-4.9,0.4304,0.008964382640439972,0.02638,0.068287,0.066597,0.017716,-0.008337,-14.8,-189.2,-712.5
2026-06-15,22.5,0.616,-0.0015820316851981042,-0.023857,-0.045829,-0.045756,-0.047988,-0.119655,-74.7,-122.2,-624.3
2026-06-16,9.6,0.5399,-0.023857346902338872,-0.022509,-0.022434,-0.005464,-0.012712,-0.10086,-24.2,-22.4,-528.3
2026-06-17,-29.3,0.2839,-0.022508516426987257,7.6e-05,0.017437,-0.002263,-0.0256,-0.081325,-18.0,1.3,-495.3
2026-06-18,-12.8,0.3692,7.601539019286285e-05,0.017359,-0.002339,0.009946,-0.051903,-0.057411,-14.9,-30.8,-480.0
2026-06-22,-66.1,0.167,-0.03526850844082152,-0.02692,-0.059668,-0.053133,-0.057189,0.054615,-76.1,-90.9,-513.5
2026-06-23,-82.4,0.1206,-0.026920307249159947,-0.033653,-0.026937,-0.029873,-0.005809,0.097685,-181.0,-255.7,-589.3
2026-06-24,-30.3,0.2783,-0.03365319387742516,0.00695,0.003912,0.002636,0.002872,0.139186,-220.9,-245.1,-584.5
2026-06-25,-81.9,0.1224,0.006949718246041625,-0.003017,-0.004284,0.021713,0.019653,0.14005,-273.5,-291.5,-599.3
2026-06-26,-12.8,0.3692,-0.0030167441978375953,-0.001271,0.024805,-0.001036,0.080605,0.125593,-273.5,-288.4,-490.7
2026-06-29,-29.9,0.282,-0.025215244522740154,0.023799,0.081726,0.118322,0.135924,0.142898,-237.3,-313.4,-502.6
2026-06-30,-27.6,0.2913,0.023799372561996046,0.05658,0.092326,0.106329,0.118077,0.110531,-182.5,-363.5,-485.7
2026-07-01,14.8,0.5863,0.05658008415844673,0.033831,0.047085,0.050103,0.041632,0.062368,-137.4,-358.3,-380.7
2026-07-02,29.0,0.6438,0.033831401847167486,0.01282,0.015739,0.023574,-0.008382,0.010578,-26.5,-300.0,-298.7
2026-07-06,20.7,0.6104,-0.015660092059327058,-0.015808,-0.014921,0.014322,0.019908,0.039765,7.0,-266.5,-297.3
2026-07-07,26.9,0.6382,-0.01580757566344948,0.000901,0.030614,0.02526,0.01912,0.068326,63.8,-173.5,-264.4
2026-07-08,70.5,0.7644,0.000900911240158786,0.029686,0.024337,0.035356,0.084202,0.072948,161.9,-20.6,-276.3
2026-07-09,-52.2,0.2041,0.029686111509244606,-0.005195,0.005507,-0.011152,0.067304,0.059838,94.9,-42.5,-287.6
2026-07-10,18.4,0.6011,-0.0051947907328941945,0.010757,-0.005989,0.058443,0.043113,0.079806,84.3,57.8,-233.7
2026-07-13,-15.4,0.3506,0.06481981981981977,0.013637,-0.014483,-0.026461,-0.01038,-0.016154,48.2,55.2,-233.2
2026-07-14,58.3,0.7199,0.01363742121071132,-0.027743,-0.039558,-0.028775,-0.006996,-0.022427,79.6,143.4,-170.0
2026-07-15,53.9,0.7087,-0.027742564856983454,-0.012153,-0.001062,0.004164,0.035177,0.048322,63.0,224.9,-138.6
2026-07-16,-28.0,0.2894,-0.012153047920031357,0.011227,0.016517,0.033904,0.050096,0.027354,87.2,182.1,-176.2
2026-07-17,36.7,0.6623,0.01122710582918729,0.005232,0.022425,0.036278,0.008417,0.031895,105.5,189.8,-110.2
2026-07-20,38.0,0.666,0.01354872603099544,0.002084,-0.026886,-0.035619,0.012699,-0.035044,158.9,207.1,-59.4
2026-07-21,37.5,0.6642,0.0020836680851505918,-0.028909,-0.037625,-0.030719,-0.021657,-0.046107,138.1,217.7,44.2
2026-07-22,72.7,0.7718,-0.02890896959101219,-0.008975,-0.001864,0.040678,0.023282,0.003702,156.9,219.9,199.3
2026-07-23,26.3,0.6308,-0.008975082826432113,0.007175,0.050103,0.016592,0.026395,-0.000425,211.2,298.4,255.9
2026-07-24,-70.7,0.1614,0.007175220496944634,0.042622,0.009349,0.025193,0.023155,-0.002679,103.8,209.3,267.1
2026-07-27,11.7,0.5584,0.015697035063232168,-0.00596,-0.001988,-0.030945,-0.019135,-0.004195,77.5,236.4,291.6
2026-07-28,14.5,0.5826,-0.005960033938359199,0.003995,-0.025135,-0.034304,-0.02613,0.003299,54.5,192.6,336.0
2026-07-29,-18.6,0.3284,0.003995433789954372,-0.029015,-0.038147,-0.01718,-0.025249,-0.004037,-36.8,120.1,345.0
2026-07-30,13.2,0.5714,-0.029014609009497594,-0.009405,0.012188,-0.001021,0.024854,0.00571,-49.9,161.3,343.4
2026-07-31,9.0,0.5325,-0.009405483219457667,0.021798,0.008465,0.01341,0.031966,0.020405,29.8,133.6,323.4
2026-08-03,-11.3,0.3822,0.004903805826495633,0.020895,0.01831,0.023634,0.021761,0.006683,6.8,84.3,291.4
2026-08-04,53.7,0.7069,0.020894643908181187,-0.002532,0.002684,0.004209,-0.01868,-0.013742,46.0,100.5,318.2
2026-08-05,60.8,0.7328,-0.002531512880316611,0.005228,0.006757,0.003389,-0.011203,-0.01466,125.4,88.6,308.5
2026-08-06,92.1,0.8108,0.005228256757324745,0.001521,-0.00183,-0.021306,-0.017914,-0.000193,204.3,154.4,452.8
2026-08-07,49.6,0.6957,0.0015211152754472934,-0.003346,-0.022793,-0.017839,-0.015966,0.000585,244.9,274.7,484.0
2026-08-10,-14.6,0.3581,0.005068605092105383,-0.001594,0.001908,-0.000218,-0.003497,0.337002,241.6,248.4,484.8
2026-08-11,-1.7,0.4638,-0.0015942183016260936,0.003508,0.001379,0.00156,0.018043,0.288801,186.2,232.2,424.8
2026-08-12,7.4,0.5288,0.0035075580157548636,-0.002122,-0.001941,-0.005394,0.016819,0.306138,132.8,258.2,378.3
2026-08-13,6.7,0.525,-0.002121576968160399,0.000181,-0.003279,0.016642,0.197072,0.318722,47.4,251.7,413.0
2026-08-17,30.9,0.6456,0.0023004130287027635,0.174774,0.213385,0.312383,0.284534,0.273747,28.7,273.6,407.2
2026-08-18,71.4,0.7699,0.17477439883156842,0.032866,0.117136,0.075146,0.101622,0.090731,114.7,356.3,440.6
2026-08-19,189.1,0.9147,0.03286622620062518,0.081589,0.040934,0.058637,0.049669,0.038419,305.5,491.7,592.2
2026-08-20,220.7,0.9295,0.08158869906885968,-0.037588,-0.02122,-0.013887,-0.004098,-0.01965,518.8,651.6,740.2
2026-08-21,184.8,0.9128,-0.037587888567828576,0.017007,0.024626,0.008392,0.036483,-0.001627,696.9,744.3,898.7
2026-08-24,115.6,0.8423,-0.01584422598678792,0.026186,0.027857,7.4e-05,-0.010718,0.005263,781.6,810.3,1085.0
2026-08-25,179.8,0.9091,0.026186458725816264,0.001628,-0.025446,-0.01962,-0.015617,-0.010572,890.0,1004.7,1253.1
2026-08-26,192.4,0.9184,0.0016283134982399972,-0.027031,-0.021213,-0.03753,-0.036769,0.001486,893.3,1198.8,1431.0
2026-08-27,234.4,0.9369,-0.027030688437846062,0.005979,-0.010791,0.010086,-0.020881,0.019255,907.0,1425.8,1684.0
2026-08-28,102.1,0.8256,0.005978950816986739,-0.01667,0.004083,-0.015893,0.020322,0.011142,824.3,1521.2,1772.9
2026-08-31,87.6,0.8033,-0.019894345497520893,-0.010983,0.036799,0.015351,0.039715,0.040543,796.3,1577.9,1851.5
2026-09-01,10.9,0.5473,-0.010982601573552464,0.048312,0.026626,0.036915,0.040993,0.055983,627.4,1517.4,1873.7
2026-09-02,-48.2,0.2189,0.04831214893074187,-0.020687,-0.010872,0.002813,-0.008997,-0.012344,386.8,1280.1,1771.8
2026-09-03,141.4,0.8738,-0.02068687610216957,0.010022,0.023996,0.013994,0.005052,0.024183,293.8,1200.8,1852.4
2026-09-04,26.4,0.6327,0.010022122001002165,0.013835,0.003933,0.001896,-0.016994,-0.033084,218.1,1042.4,1786.7
2026-09-08,-24.3,0.2968,-0.006803898754765836,-0.012132,0.01966,0.023425,0.019035,0.06673,106.2,902.5,1712.8
2026-09-09,34.7,0.6531,-0.012132291839787257,0.032182,0.035994,0.015773,-0.016368,0.084804,130.0,757.4,1762.1
2026-09-10,-29.9,0.282,0.03218248366871279,0.003693,-0.015898,-0.000612,-0.038951,0.102975,148.3,535.1,1733.9
2026-09-11,216.4,0.9258,0.003693146807554948,-0.019519,-0.00429,-0.050543,-0.031068,0.090278,223.3,517.1,1942.9
2026-09-14,121.1,0.8516,-0.04645316297589819,0.008485,0.020512,0.089273,0.102855,0.1224,318.0,536.1,2057.3
2026-09-15,-142.0,0.0612,0.008485076027782812,0.011926,0.080108,0.088563,0.147678,0.11478,200.3,306.5,1884.4
2026-09-16,-224.1,0.0297,0.011925592246503802,0.067379,0.075734,0.080689,0.125237,0.098532,-58.5,71.5,1588.9
2026-09-17,-39.3,0.2523,0.06737875666306947,0.007828,0.01247,0.062559,0.027674,0.029259,-67.9,80.4,1360.5
2026-09-18,143.7,0.8776,0.007827968519617867,0.004606,0.054306,0.046018,0.020923,0.017233,-140.6,82.7,1283.5
2026-09-21,270.0,0.9462,-0.007860875833483494,-0.025168,-0.023991,-0.022571,-0.023733,-0.031028,8.3,326.3,1368.7
2026-09-22,162.2,0.8887,-0.02516810828680316,0.001207,0.002665,0.004308,0.001543,-0.001666,312.5,512.8,1415.3
2026-09-23,104.5,0.8293,0.0012074189184658746,0.001455,0.003097,0.000264,-0.003614,,641.1,582.6,1340.0
2026-09-24,66.1,0.7514,0.0014553440157816233,0.001639,-0.001189,-0.001119,-0.002185,,746.5,678.6,1213.7
2026-09-25,87.0,0.8015,0.0016390639866792345,-0.002824,-0.002753,-0.00669,0.003744,,689.8,549.2,1066.3
2026-09-28,17.1,0.5918,-0.003947833528678557,0.002891,0.010505,-0.003609,,,436.9,445.2,981.3
2026-09-29,-2.8,0.4527,0.0028913610316256833,0.007591,-0.006481,-0.002138,,,271.9,584.4,890.9
2026-09-30,-59.6,0.1855,0.00759122130011769,-0.013966,-0.009656,,,,107.8,748.9,820.4
2026-10-01,-55.4,0.1948,-0.013966418489793075,0.004371,,,,,-13.7,732.8,813.2
2026-10-02,-17.3,0.3377,0.004371494556252076,,,,,,-118.0,571.8,654.5
