asset_id,symbol,name,rank
1130,UNO,Unobtanium,5643
1133,DMD,Diamond,1291
1140,MAX,Maxcoin,5647
1144,MARS,Marscoin,4543
1154,BITS,Bitstar,5486
1156,BLU,BlueCoin,5488
1162,C2,Coin2.1,5490
1167,CLAM,Clams,5493
1168,BTS,BitShares,1373
1170,XCN,Cryptonite,5661
1171,CARBON,Carboncoin,5495
1183,SPR,SpreadCoin,5501
1200,ARB,ARbit,5679
1219,SWING,Swing,5529
1221,REP,Augur,1015
1233,RBIES,Rubies,5539
1235,MEME,Memetic / PepeCoin,4587
1238,PEX,PosEx,5541
1241,LSK,Lisk,644
1253,ION,ION,5621
1257,CHESS,ChessCoin,5722
1264,TAJ,TajCoin,5560
1271,MST,MustangCoin,5564
1279,GBYTE,Obyte,1238
1281,WINGS,Wings,5440
1282,JUP,Jupiter,69
1288,KMD,Komodo,1933
1291,CNT,Centurion,5575
1292,MLN,Enzyme,1271
1293,TIME,Chrono.tech,3281
1299,SKY,Skycoin,5745
1305,TRST,WeTrust,5457
1308,VOLT,Bitvolt,5751
1311,TKN,Monolith,5446
1318,ZEN,Horizen,179
1324,MORE,More Coin,5588
1325,BNT,Bancor,514
1326,NMR,Numeraire,274
1328,ONX,Onix,5590
1329,FUN,FUNToken,268
1332,EOS,EOS,4316
1333,ADX,heyAura,986
1338,GAS,Gas,262
1341,PPT,Populous,1094
1357,IFT,InvestFeed,5598
1363,LRC,Loopring,834
1376,SALT,SALT,1998
1388,BLUE,Blue Protocol,5372
1398,ATL,ATLANT,5608
1422,NEU,Neumark,5615
1424,ONE,BigONE Token,1493
1430,ZAP,Zap,2528
1438,SPC,SpaceChain,1602
1455,BORG,SwissBorg,231
1457,DMT,DMarket,5623
1462,EDGE,Edge Network,5626
1475,TEN,Tokenomy,5631
1477,SNX,Synthetix,273
1488,AUC,Auctus,5398
1497,CEL,Celsius,2664
1509,SOUL,Phantasma,1820
1518,MET,Metronome,5176
1521,ZINC,ZINC,5257
1526,MOC,Moss Coin,964
1531,BMX,BitMart Token,1680
1534,RPL,Rocket Pool,426
1539,DRC,Doric Network,4716
1544,FLUX,Flux,549
1545,BST,Blocksquare Token,2136
1558,ABX,Arbidex,5310
1562,NRG,Energi,1973
1574,META,Metadium,828
1588,CRO,Cronos,29
1619,ANKR,Ankr,394
1623,CELR,Celer Network,650
1630,BOLT,BOLT,6839
1632,LOCUS,Locus Chain,500
1635,IRIS,IRISnet,2570
1642,IDEX,IDEX,2016
1643,TT,ThunderCore,1253
1645,SWIFT,SwiftCash,5435
1651,RSR,Reserve Rights,194
1653,CHR,Chromia,681
1655,BDX,Beldex,211
1660,RAVEN,Raven Protocol,5163
1661,DAPP,LiquidApps,3863
1676,WXT,Wirex Token,1155
1687,RUNE,THORChain,140
1697,YO,Yobit Token,5659
1703,SXP,Solar,5822
1706,PERL,PERL.eco,3188
1718,FLOW,Flow,355
1729,PAXG,PAX Gold,49
1733,DF,dForce,965
1746,GRG,RigoBlock,1870
1755,ARX,ARCS,4466
1756,TROY,TROY,3557
1762,KSM,Kusama,295
1772,OGN,Origin Protocol,833
1776,XAUt,Tether Gold,35
1778,JRT,Jarvis Network,3561
1787,ATM,Atletico De Madrid Fan Token,1004
1794,SOLO,Sologenic,5111
1797,ORC,Orbit Chain,2493
1802,XPR,XPR Network,199
1803,PEAK,PEAKDEFI,3042
1809,SCOP,Scopuly,5670
1814,SOL,Solana,7
1815,DEP,DEAPcoin,585
1822,KAI,KaiChain,1973
1825,JST,JUST,63
1828,CHI,Xaya,2003
1830,KEEP,Keep Network,4804
1834,ATT,Attila,1812
1835,STAKE,STAKE,2616
1842,ORN,Orion,5675
1852,COMP,Compound,127
1853,BAL,Balancer,1010
1858,PNT,pNetwork,3004
1859,RING,RingDAO,2295
1861,DFI,DeFiChain,1703
1862,AVAX,Avalanche,26
1864,SLP,Smooth Love Potion,632
1865,SWAP,TrustSwap,1322
1868,YFI,Yearn,258
1872,FIS,StaFi,2677
1882,TPT,TokenPocket,517
1883,MCB,MUX Protocol,1007
1884,YFII,DFI.Money,1778
1886,SHIB,Shiba Inu,30
1891,SRM,Serum,1588
1892,CREAM,Cream Finance,2038
1897,SG,SocialGood,5677
1907,NEAR,NEAR Protocol,35
1908,OM,MANTRA (old),5678
1910,CRV,Curve DAO Token,85
1912,DIP,Etherisc DIP Token,2635
1913,SBET,Sportbet.one Token,1943
1915,HAKKA,Hakka.Finance,2004
1917,DOT,Polkadot,48
1918,LAYER,UniLayer,3482
1921,CVP,PowerPool,2941
1922,WHALE,WHALE,1558
1925,SPA,Sperax,1204
1931,CFG,Centrifuge,195
1932,HDX,Hydration,4793
1933,ACA,Acala Token,2211
1934,SUSHI,SushiSwap,314
1935,DUST,Nifty Wizards Dust,5847
1939,LIT,Litentry,4359
1944,FARM,Harvest Finance,1253
1945,CRP,Crypton,1735
1952,BEL,Bella Protocol,974
1953,HEGIC,Hegic,944
1956,YF-DAI,YFDAI.FINANCE,3765
1959,AMP,Amp,364
1961,PERP,Perpetual Protocol,1850
1963,FRAX,Legacy Frax Dollar,224
1966,G$,GoodDollar,5793
1967,SPARTA,Spartan Protocol,3596
1971,GOF,Golff,3634
1972,GHST,Aavegotchi,1442
1973,WING,Wing Finance,6985
1975,BAKE,BakeryToken,3233
1976,UP,UniFi Protocol,5364
1978,UNI,Uniswap,19
1979,DEGO,Dego Finance,3201
1980,DHT,Chamber,1582
1982,LINA,Linear Finance,3149
1985,VELO,Velo,200
1987,FLM,Flamingo,3948
1988,BURGER,BurgerCities,3516
1989,BHC,Billion Happiness,3706
1991,CAKE,PancakeSwap,71
1997,DODO,DODO,741
1998,INJ,Injective,75
1999,DDX,DerivaDAO,1867
2001,OPIUM,Opium,3397
2002,ALPHA,Stella,2462
2004,CORE,cVault.finance,5690
2005,STBU,Stobox Token,4784
2010,AAVE,Aave,37
2012,XVS,Venus,366
2014,BIFI,Beefy,1216
2017,INDEX,Index Cooperative,1682
2019,MOON,r/CryptoCurrency Moons,6225
2020,EYE,Behodler,6033
2024,LQTY,Liquity,672
2027,BOND,BarnBridge,2949
2033,WOO,WOO,612
2037,KP3R,Keep3rV1,2403
2040,eRSDL,Residual Token,3898
2043,SMARTCREDIT,SmartCredit Token,5391
2045,SFI,saffron.finance,923
2052,ROSE,Oasis,325
2054,UNCX,UNCX Network,2976
2055,UNFI,Unifi Protocol DAO,2510
2056,ROOK,Rook,3423
2061,TRU,TrueFi,1938
2062,ICHI,ICHI,2140
2063,API3,API3,638
2066,MPH,88mph,3831
2071,BUNNY,Pancake Bunny,3710
2072,BIRD,Bird.Money,3746
2073,MUSE,Muse,2914
2074,BAC,Basis Cash,3324
2077,BASE,Base Protocol,2096
2078,IDLE,Idle,3886
2080,BADGER,Badger DAO,1165
2097,HNY,Honey,5696
2104,LDO,Lido DAO,103
2106,OXY,Oxygen,3505
2110,TORN,Tornado Cash,505
2112,DUCK,Duck DAO (DLP Duck Token),3364
2114,DYP,Dypius [Old],5700
2115,LON,Tokenlon Network Token,651
2118,1INCH,1inch,168
2123,BIFI,BiFi,2431
2128,WISE,Wise Token,5702
2129,BAO,Bao Finance (old),8361
2130,FOX,Shapeshift FOX Token,1326
2131,QUICK,QuickSwap [Old],1045
2140,NDX,Indexed Finance,3925
2141,HELMET,Helmet.insure,3123
2143,POOLX,Poolz Finance,3751
2147,SUPER,SuperVerse,155
2148,SDT,Stake DAO,1574
2149,MDX,Mdex,2336
2153,BMI,Bridge Mutual,3461
2161,AUTO,Auto,2794
2162,BAMBOO,BambooDeFi,5707
2163,ANI,Anime Token,5106
2168,DAO,DAO Maker,1258
2169,PNG,Pangolin,1064
2172,ETHIX,EthicHub,5464
2176,EGG,Goose Finance,3895
2185,POOL,PoolTogether,2986
2189,RAY,Raydium,88
2192,CAN,Channels,5715
2200,POLK,Polkamarkets,2595
2202,TUNE,Bitune,3450
2203,WOW,WOWswap,3651
2205,ALCX,Alchemix,1132
2207,EPIC,Epic Chain,770
2211,SLICE,Tranche Finance,2754
2217,SOV,Sovryn,1766
2221,DEXTF,Memento,4605
2223,BNC,Bifrost,2489
2224,ALPACA,Alpaca Finance,3030
2225,BDP,Big Data Protocol,2761
2228,ODDZ,Oddz,3070
2230,INV,Inverse Finance,1138
2232,BELT,Belt Finance,2630
2233,NRV,Nerve Finance,3644
2238,RAM,Ramifi Protocol,6835
2241,BOSON,Boson Protocol,1405
2244,DG,DeGate,5723
2245,CUB,Cub Finance,5724
2246,RAGE,Rage Fan,2960
2248,DHV,DeHive,2892
2252,BTCST,Bitcoin Standard Hashrate Token,2957
2257,STRK,Strike,2577
2263,EPS,Ellipsis,887
2270,WAD,WardenSwap,5733
2273,COOK,Cook Finance,1710
2278,TRIBE,Tribe,5048
2284,OHM,Olympus v2,4525
2286,XCHNG,Chainge,3280
2287,ICE,Popsicle Finance,5426
2288,BOMB,fBomb,4324
2294,KTN,Kattana,3763
2296,TLM,Alien Worlds,934
2297,FLY,Franklin,5801
2298,MIST,Alchemist,5737
2308,HORD,Hord,3415
2315,STRX,StrikeX,621
2316,HZN,Xpanse,3474
2327,IMO,IMO,4444
2331,QI,BENQI,675
2334,PYR,Vulcan Forged (PYR),1992
2335,BSCS,BSCS,3336
2340,PHTR,Phuture,5435
2342,ELON,Dogelon Mars,535
2343,NMX,Nominex,5743
2345,KNC,Kyber Network Crystal v2,579
2347,AGVE,Agave,5744
2353,PENDLE,Pendle,99
2357,FLX,Reflexer Ungovernance Token,2626
2360,DFYN,Dfyn Network,3543
2367,BICO,Biconomy,685
2369,NFTB,PixelRealm,3387
2377,SDAO,SingularityDAO,2527
2379,METIS,Metis,607
2380,DON,Don-key,2718
2386,WILD,Wilder World,1096
2388,VRT,Venus Reward Token,3090
2400,SNOB,Snowball,3912
2413,XWIN,XWIN Capital,4375
2414,EXO,Exohood,5824
2418,CVX,Convex Finance,137
2420,SPACE,Space Token,4920
2421,ELEPHANT,Elephant Money,5752
2426,BLAST,SafeBlast,2275
2430,DINU,Dogey-Inu,3298
2431,AQUA,Planet,5825
2432,USDM,MegaUSD,4144
2433,XMS,Mars Ecosystem Token,5756
2434,TENFI,TEN,4771
2445,ELK,Elk Finance,5274
2446,KALM,KALM,3829
2449,DUET,Duet Protocol,5380
2450,FISH,Polycat Finance,5410
2463,QI,QiDao,5765
2469,CHEEMS,Cheems,2785
2470,ALD,AladdinDAO,5767
2476,DFL,DeFi Land,3106
2478,GFI,Gravity Finance,3497
2480,BABY,BabySwap,2939
2485,CTX,Cryptex Finance,1173
2487,TULIP,Tulip Protocol,3542
2492,BabyDoge,Baby Doge Coin,312
2496,ALM,Alium Finance,5771
2498,SWISE,StakeWise,5772
2502,TRADE,Polytrade,1597
2505,BULL,The Bull (thebullcoin.com),2157
2508,FLUID,Fluid,176
2509,HUNNY,HUNNY FINANCE,5776
2511,PACOCA,Pacoca,3891
2512,LITH,Lithium,3801
2513,SUN,Sun [New],111
2516,CNR,Canary,4546
2522,IMX,Immutable,108
2531,KOGECOIN,KogeCoin.io,5782
2534,OLIVE,Olive Cash,5785
2542,NT,NEXTYPE,5787
2544,BSW,Biswap,2601
2547,DINO,DinoSwap,3416
2548,HERO,Metahero,1496
2553,FLOKI,FLOKI,125
2554,PEFI,Penguin Finance,5242
2559,RAIL,Railgun,438
2560,MM,Million,5790
2567,SRX,StorX Network,412
2568,ALT,Alitas,1199
2577,CHESS,Tranchess,3682
2581,LIQ,LIQ Protocol,5200
2582,SPADE,PolygonFarm Finance,5386
2583,ZOO,ZOO Crypto World,5796
2586,KRW,KingDeFi,5797
2591,ARENA,Arena Token,5798
2601,PLS,Pulsechain,5801
2603,ORCA,Orca,190
2604,MNGO,Mango,484
2606,SBR,Saber,4825
2608,LYD,Lydia Finance,5802
2610,TOKE,Tokemak,1281
2615,BORING,BoringDAO,5402
2652,PORT,Port Finance,4921
2659,POTS,Moonpot,5804
2660,LAND,Landshare,3735
2664,SPELL,Spell Token,734
2667,BETA,Beta Finance,1748
2678,BR,BOHR,5810
2679,JOE,JOE,759
2681,TAROT,Tarot,1648
2682,YAK,Yield Yak,5253
2683,GAJ,Gaj Finance,3841
2715,ALI,Alita Finance,5817
2717,IXS,IXS,692
2730,XAI,SideShift Token,1203
2736,FOREX,handleFOREX,5427
2742,WAG,Waggle Network,5047
2743,SMT,Swarm Markets,2171
2746,Milk,MilkshakeSwap,5243
2747,OP,Optimism,115
2749,GMX,GMX,279
2750,BONE,Bone ShibaSwap,901
2754,HCT,HurricaneSwap Token,5829
2757,X,X100,7868
2761,PRT,Parrot Protocol,5833
2764,VEE,Vee Finance,5195
2769,SUNDAE,SundaeSwap,4789
2779,ZKP,Panther Protocol,4323
2781,CRYSTL,Crystl Finance,5837
2782,POOF,Poof.cash,
2783,ORION,Orion Money,3384
2789,SYN,Synapse,446
2793,SOLV,Solv Protocol,661
2799,BOSS,Boss Token,2219
2803,ABR,Allbridge,5842
2804,OSMO,Osmosis,532
2809,WOOF,WOOF,2531
2816,JEWEL,DeFi Kingdoms,2238
2818,DBX,DBX,4503
2823,RBN,Ribbon Finance,1723
2834,SEA,StarSharks SEA,5291
2837,EQ,Equilibrium Games,5854
2839,DARK,Dark Frontiers,3634
2849,CPOOL,Clearpool,502
2857,SD,Stader,1047
2859,GAIA,GAIA Everworld,5424
2874,CLY,Colony,3376
2875,MIN,Minswap,1149
2884,KLIMA,KlimaDAO,3707
2896,SNTR,Sentre Protocol,5140
2898,SSV,ssv.network,390
2900,MOO,Moola Market,5875
2904,ARC,ARC,1693
2908,YOSHI,Yoshi.exchange,5880
2909,NYAN,Nyan Heroes,3359
2913,BRUSH,Paintswap (BRUSH),5881
2914,BEETS,Beets,5241
2917,FLIP,Chainflip,4259
2926,OCP,Omni Consumer Protocols,5889
2929,NUM,Numbers Protocol,1616
2935,MANTA,Manta Network,527
2939,GNS,Gains Network,992
2949,MNDE,Marinade,4026
2959,OBT,OBT,2484
2963,GFI,Goldfinch,1437
2966,DYOR,DYOR Token,5904
2967,SAM,Samsunspor Fan Token,2551
2968,SB,Snowbank,4931
2969,MNT,MINTY,5995
2971,RON,Ronin,396
2972,AQUA,Aquarius,4504
2980,ZM,ZoomSwap,5235
2981,EUL,Euler,511
2987,SHIBA,BitShiba,5284
3000,SPHYNX,Sphynx Labs,5913
3004,VVS,VVS Finance,407
3014,XSP,XSwap Protocol,5919
3015,CRONA,CronaSwap,5920
3021,MAGIC,Treasure,727
3022,AURORA,Aurora,423
3030,MEX,xExchange,5926
3031,FCON,SpaceFalcon,3876
3039,XMT,MetalSwap,5929
3044,SIS,Symbiosis,1762
3046,AVL,Aston Villa Fan Token,2315
3060,RISE,EverRise,1957
3065,TEM,TemplarDAO,5937
3067,OPENX,OpenSwap Optimism Token,4831
3073,UMAMI,Umami Finance,5938
3081,CHEESE,CheeseSwap,5943
3087,PRL,Pearl (pearlresearch.ai),7877
3093,BENT,Bent Finance,5949
3095,PRISM,Prism,2553
3102,KNIGHT,KnightSwap,5031
3112,MEOW,MEOW,5387
3113,PSTAKE,pSTAKE Finance,3580
3115,SILO,Silo Finance,5957
3117,MTS,Metastrike,3905
3121,CRF,Crafting Finance,5250
3128,XUSD,xUSD Token,5963
3140,IZI,Izumi Finance,2415
3147,GEAR,Gearbox Protocol,1168
3155,TONIC,Tectonic,1619
3162,MMF,MM Finance (Cronos),5972
3164,TRI,Trisolaris,6129
3167,NETT,Netswap,5141
3168,HBB,Hubble Protocol,5975
3189,SQR,Magic Square,3319
3202,MULTI,Multichain,2499
3210,VYFI,VyFinance,4955
3220,USDs,Sperax USD,2301
3232,SINGLE,Single Finance,5330
3244,ONI,ONINO,4973
3246,FURY,Engines of Fury,3780
3250,AERO,Aerovek Aviation,6001
3254,JONES,Jones DAO,6003
3255,T,Threshold,347
3259,AXL,Axelar,328
3270,OGY,ORIGYN,996
3276,MAV,Maverick Protocol,857
3279,IRON,Iron Fish,4319
3281,RUBY,Ruby Play Network,6016
3290,TITI,Titi Financial,6019
3292,SOMM,Sommelier,6021
3304,OATH,Oath,6022
3311,CNC,Cornatto,6024
3316,POLYCUB,PolyCub,
3317,ALOT,Dexalot,4639
3322,LOOP,Loop Network,4746
3324,LQ,Liqwid Finance,1108
3342,STG,Stargate Finance,686
3350,RADIO,RadioShack,4883
3378,PLY,Aurigami,3008
3381,SUPER,PeerMe,6041
3388,FPIS,Frax Price Index Share,6046
3392,TIFI,TiFi Token,2780
3398,JEX,JEXchange,6052
3400,PPI,Swappi,6054
3402,ZENC,Zenc Coin,6056
3408,WOM,Wombat Exchange,3492
3414,HAWK,HawkFi,3884
3432,LFNTY,Lifinity,5367
3433,APEX,ApeX Protocol,512
3434,KUKU,panKUKU,6062
3443,UNDEAD,Undead Blocks,6066
3448,SPRING,Spring,6067
3451,HASH,Provenance Blockchain,4793
3452,QUICK,Quickswap [New],1129
3453,MVX,Metavault Trade,6069
3466,LC,LuckyChip,6076
3470,CGO,Comtech Gold,747
3478,LUNA,Terra,479
3482,AURA,Aura Network,4567
3485,GRAV,Graviton,6080
3497,STC,SaitaChain Coin,2506
3499,STR,Sourceless,6086
3503,MLNK,Malinka,6088
3504,TAI,TARS AI,1374
3505,LIF3,LIF3,4861
3506,FORT,Forta,954
3518,FER,Ferro,3323
3519,OLE,OpenLeverage,2935
3522,WELL,Moonwell,4070
3529,FOXY,Famous Fox Federation,4959
3535,WRT,WingRiders Governance Token,5318
3554,RDNT,Radiant Capital,2194
3560,ONDO,Ondo,41
3564,GHNY,Grizzly Honey,6110
3569,HERMES,Hermes Protocol,6235
3570,CRT,Cantina Royale,3628
3571,SAFE,SAFE(AnWang),4514
3579,ADDY,Adamant,6115
3593,ULX,ULTRON,6120
3594,LISTA,Lista DAO,465
3613,STRD,Stride,2555
3616,BKN,Brickken,1147
3618,O,Childhoods End,6125
3625,BOB,BOB,6247
3629,SAUCE,SaucerSwap,886
3634,EGGT,Egg N Partners,4374
3642,SONNE,Sonne Finance,6134
3648,MEE,Medieval Empires,2800
3652,LOAN,LOAN Protocol,1183
3653,ALEX,ALEX Lab,1412
3656,ING,Infinity Games,3855
3659,LNR,Lunar,2937
3663,XEN,XEN Crypto,4215
3673,OAS,Oasys,1593
3674,THE,The Protocol,6147
3677,ACE,ACEToken,6148
3678,HPO,Hippo Wallet Token (HPO),6149
3680,ASH,AshSwap,4909
3683,VRTX,Vertex Protocol,3679
3688,MGP,Magpie,1937
3692,PROTEO,Proteo DeFi,6153
3698,HFT,Hashflow,1142
3699,QUO,Quoll Finance,6234
3712,ACX,Across Protocol,522
3713,STB,stabble,3594
3718,STRK,Starknet,104
3719,PINE,Pine,6164
3725,NSTR,Nostra,6231
3733,INDY,Indigo Protocol,1643
3735,CANDY,Bored Candy City,5015
3736,NUSA,Nusa,6171
3739,HONEY,Hivemapper,995
3746,SDL,stake.link,4626
3748,VERSE,Verse,2743
3752,GRAIL,Camelot Token,4986
3754,ABEL,Abel finance,4534
3763,AMKT,Alongside Crypto Market Index,6177
3766,NEON,Neon EVM,1220
3770,NAVI,Navigator Exchange,6178
3774,OREO,OreoSwap,6180
3782,BONK,Bonk,110
3785,LVL,Level Finance,6184
3786,BLUR,Blur,341
3800,ACS,Access Protocol,1046
3801,GRV,Grove Coin,2948
3802,GENI,Genius,6193
3809,NEFTY,NeftyBlocks,6197
3820,VNO,Veno Finance,1804
3828,THE,THENA,994
3832,0x0,0x0.ai,1698
3834,ASTRO,Astroport,6342
3841,PSI,TridentDAO,4488
3842,ZYB,Zyberswap,3922
3845,CHIRP,Chirp,2107
3848,PEN,Pendulum,5124
3852,FCTR,Factor,5126
3861,SLIZ,SolidLizard,
3863,TROVE,Arbitrove Protocol,6210
3864,NUT,Nucleon,5297
3867,SKULL,Skull Order,6213
3868,ALIEN,Alien,
3871,SHDW,Shadowswap Finance,6214
3877,AMPLE,AmpleSwap (new),6219
3879,CLOUD,CRYPTO CLOUD,5027
3882,PRIME,Echelon Prime,1065
3883,LFG,LFGSwap Finance (Core),6221
3898,VARA,Équilibre,2127
3915,VAPE,VAPE,6399
3918,AGI,Delysium,782
3921,SECT,Sector Finance,6231
3922,UNW,Uniwhale,6232
3925,FUEL,Fuel Network,1130
3943,BOW,Archer Swap,6237
3944,KSWAP,KyotoSwap,6238
3945,LODE,Lodestar,6239
3946,FUL,Fulcrom Finance,757
3948,SDEX,SmarDex,1352
3957,THL,Thala,2522
3962,SWITCH,Switch,5016
3965,BREAD,Breadchain Cooperative,6244
3972,RYOSHI,Ryoshi Token,6247
3982,ABC,ABC PoS Pool,6250
4005,LBR,Lybra Finance,
4010,TRN,t3rn,5468
4011,WEFI,WeFi,2290
4014,HSUITE,HubSuite,6258
4020,QCK,Quicksilver,6262
4026,AJNA,Ajna Protocol,3287
4029,BIM,BIM,380
4034,SWELL,Swell Network,1361
4036,GUAC,Guacamole,4741
4052,GGP,GoGoPool,6270
4059,CETUS,Cetus Protocol,606
4066,TURBOS,Turbos Finance,1981
4079,SNEK,Snek,404
4086,WAGMI,Wagmi Coin,6284
4087,PEAR,Pear Swap,6285
4089,PLSX,PulseX,6287
4095,SEED,SEED NFT Marketplace,5164
4114,COLLECT,CoinCollect,6298
4118,WAR,Water Rabbit Token,5268
4135,SELF,SelfToken,5271
4140,CONE,BitCone,2974
4141,BANK,BankerCoinAda,4894
4146,PIKA,Pikaboss,1101
4149,EQB,Equilibria Finance,1318
4157,INU,INU,6316
4171,ELX,Elixir,4265
4180,ZRO,LayerZero,73
4196,PNP,Penpie,2310
4205,STON,STON,4674
4212,ARCH,Archway,6331
4217,NESS,Ness LAB,4559
4238,EXTRA,Extra Finance,4947
4250,HTM,Hatom,2272
4255,EXA,Exactly Protocol,2110
4258,SYNTH,Synthswap,6342
4259,RCKT,RocketSwap,6343
4261,BSWAP,BaseSwap,6344
4269,STUSDT,Staked USDT,8018
4273,EDE,El Dorado Exchange (Base),6348
4306,ZF,zkSwap Finance,3220
4320,WAGMI,Wagmi (wagmi.com),5159
4327,OVN,Overnight,6368
4350,DYDX,dYdX,181
4355,SDAI,Savings Dai,6384
4364,PROPS,Propbase,1421
4373,MUBI,Multibit,2774
4391,MOCHI,Mochi (New),2029
4392,ROOT,The Root Network,2130
4394,NLS,Nolus,4341
4399,HOLD,Holdstation,1763
4403,JTO,Jito,117
4413,VC,VinuChain,2509
4420,BSSB,BitStable,6408
4426,SEAM,Seamless,5314
4429,LVN,Levana Protocol,2451
4447,GREEN,Green,6416
4469,ZERO,Analysoor,6424
4477,OMNI,OmniCat,4604
4481,SMOL,Smolcoin,6429
4488,MOE,Merchant Moe,6432
4491,ZKF,ZKFair,3088
4520,CKP,Cakepie,2468
4533,SONIC,Sonic,6452
4555,SAROS,Saros,2045
4557,HARAMBE,Harambe on Solana,6460
4558,TONNEL,TONNEL Network,6461
4563,MINU,Minu,3662
4572,HONK,Honk,2423
4573,ABOND,ApeBond,2449
4581,PEAS,Peapods Finance,4680
4590,BOOM,BOOM DAO,6618
4598,LION,CRAZY LION,6471
4604,CIRCLE,You Looked,6475
4611,WHALES,Whales Market,2607
4614,PANDORA,Pandora,1751
4616,NAVX,NAVI Protocol,963
4629,OORT,OORT,1645
4630,PIXEL,Pixels,680
4639,GIGA,GigaChadGPT,6487
4640,LNDX,LandX Finance,2948
4644,CTF,CryptoTradingFund,2916
4657,ESE,Eesee,1188
4662,USDe,Ethena USDe,22
4677,LYNX,Lynex,3668
4697,W,Wormhole,264
4722,KNINE,K9 Finance,3009
4725,AEVO,Aevo,629
4727,SCA,Scallop,1810
4733,ALVA,Alvara Protocol,2381
4736,ZRC,Zircuit,1112
4742,STAR,StarHeroes,2907
4750,EARN,HOLD,6523
4754,CSWAP,ChainSwap,1655
4758,SI,Sealwifhat,6526
4763,ETHFI,ether.fi,82
4779,SBF,Sam Bankmeme-Fried,6531
4791,PUFF,Puff The Dragon,6537
4812,PLX,Pullix,3201
4818,SQUAD,SquadSwap,6547
4821,ATH,Aethir,170
4822,BAG,catwifbag,5276
4827,FLT,Fluence,1665
4833,PUNK,PunkCity,6554
4852,ENA,Ethena,40
4859,UBE,Ubeswap [V2],6566
4887,HASHAI,HashAI,1863
4890,ZEUS,Zeus Network,1636
4904,TNSR,Tensor,701
4914,EIGEN,EigenCloud,129
4919,KOI,Koi Finance,6596
4925,ALB,Alien Base,4558
4959,PRCL,Parcl,1559
4961,SHARK,Sharky,5184
4976,MERL,Merlin Chain,445
4989,OGPU,OpenGPU,2099
5010,REZ,Renzo,482
5025,SMX,Snapmuse.io,4480
5032,FLDT,FluidTokens,4847
5049,KMNO,Kamino,138
5057,MODE,Mode,2737
5073,FRIEND,Friend.tech,5170
5076,ZERO,ZeroLend,3659
5095,XB,XBANKING,6656
5111,STORM,Storm Trade,2006
5118,MINI,mini,4426
5130,UTYAB,UTYABSWAP,3536
5131,DRIFT,Drift,899
5343,ZCHF,Frankencoin,436
5364,KIM,Kim Exchange,6695
5365,DOP,Data Ownership Protocol,3473
5372,CHAD,Based Chad,6699
5383,TAIKO,Taiko,759
5385,DBR,deBridge,501
5402,MINE,RuneMine,6708
5417,MOR,Morpheus,4570
5421,GHOST,IC GHOST,5192
5425,AIR,AIRian,4598
5428,9MM,Shigure UI,6720
5440,CELL,Cellana Finance,6889
5442,ICS,ICPSwap Token,4929
5451,AZUR,Azuro Protocol,3062
5463,SVN,StakeVault.Network,4495
5468,COOKIE,Cookie DAO,956
5473,FROG,Frog,6740
5495,XOXNO,XOXNO,6752
5511,RCH,SOFA Org,6759
5758,G,Gravity,397
5764,CAD,Caduceus Protocol (new),4913
5765,ROAR,Roaring Kitty,1845
5766,ICL,ICLighthouse DAO,6778
5788,MIRAI,MIRAI,6843
5795,STO,StakeStone,1016
5797,HYPE,Hyperliquid,9
5800,ME,Magic Eden,408
5802,BABY,Babylon,335
5803,ORDER,Orderly,802
5814,SAI,Sharpe AI,3017
5823,CYBRO,CYBRO,2792
5825,AUSD,AUSD,223
5845,LIQ,LIQUIDIUM•TOKEN,2873
5856,BERRY,Strawberry AI,1807
5860,SPEC,Spectral,3074
5866,ZFI,Zyfai,1942
5872,VISTA,Ethervista,2437
5887,PUFFER,Puffer,851
5894,SOY,Soyjak,3598
5927,EKUBO,Ekubo Protocol,4569
5950,MOVE,Movement,422
5951,LOGX,LogX Network,3444
5962,BOX,DeBox,842
5969,NUTS,Thetanuts Finance,4557
5985,PAN,Pankito,6821
5986,SIGMA,SIGMA,1862
6020,LAB,LAB,504
6030,ROUTE,Router Protocol (New),3268
6039,JOULE,Joule,6830
6049,BLUB,BLUB,4669
6052,BALL,Game 5 BALL,5052
6104,DEEP,DeepBook Protocol,174
6105,UWU,Unicorn,6836
6126,SQUID,Squid Game (CTO),4770
6341,TALENT,Talent Protocol,3313
6349,HDRO,Hydro Protocol,6912
6363,BEAST,MrBeast,6915
6378,PEPPER,PEPPER,4194
6386,BRO,Bro the cat,6922
6410,SUMMIT,Summit,4642
6412,COOK,mETH Protocol,5230
6422,YLAY,Yelay,6933
6435,SYRUP,Maple Finance,118
6440,EYWA,EYWA,3458
6446,TOAD,Acid Toad,3556
6458,KONG,KongSwap,6942
6467,TEA,Tea-Fi,3889
6471,KDX,Kodexa,4164
6483,USUAL,Usual,624
6489,MLP,Matrix Layer Protocol,5058
6517,DNA,DNA,4460
6531,URO,Urolithin A,2799
6535,TIG,The Innovation Game,4095
6537,MORPHO,Morpho,54
6551,WHITE,WhiteRock,666
6563,KACY,markkacy,3285
6567,TYPUS,Typus,6983
6569,AAA,aaa cat,5222
6570,DROP,DROP,5365
6577,SUGAR,Sugar Boy,3510
6609,F,SynFutures,779
6661,PHI,Phicoin,4991
6662,ITHACA,Ithaca Protocol,2583
6696,REX,REVOX,3552
6697,JAV,Javsphere,7032
6700,SEND,Suilend,1391
6730,NEURO,NeuroWeb,5042
6932,STREAM,Streamflow,1822
6938,CGX,Chill Guy Xmas,
6943,SFG,SolForge Fusion,7053
6955,XYZ,XYZVerse,3403
6959,SOLID,Solana ID,7058
6971,SAVE,Save,1031
6985,LUIGI,Luigi Mangione,2698
7020,FRY,Fry,7085
7037,SPECTRA,Spectra,7093
7039,BRYAN,DrPepe.ai,5197
7045,DRV,Derive,219
7126,GPS,GoPlus Security,352
7153,YEET,Yeet,5171
7164,AO,AO,617
7182,TERRA,Terraport,7231
7222,RIFT,RIFT AI,2376
7233,ANZ,Anzen Finance (ANZ),5210
7235,STRIKE,STRIKE,7162
7243,XU3O8,xU3O8,1029
7260,ASF,Asymmetry Finance,7167
7265,PHAR,Pharaoh,
7266,TST,Test,795
7270,CATTON,Catton AI,7171
7284,POLLY,Polynetica,7174
7291,SHELL,MyShell,946
7301,SFI,Singularity Finance,8094
7331,SOSO,SoSoValue,250
7340,SWAN,Swan Chain,5354
7352,YALA,Yala,732
7360,BREW,Homebrew Robotics Club,3390
7367,DOLO,Dolomite,849
7369,ZORA,ZORA,519
7381,SHDX,Shido DEX,7199
7391,LF,LF,3147
7395,SYMM,Symmio,5118
7399,SLAY,SatLayer,2523
7403,PELL,Pell Network,2744
7409,KILO,KiloEx,2174
7414,KTA,Keeta,452
7418,MNSRY,Mansory,1140
7421,CTH,Changcoin,7208
7434,WAL,Walrus,263
7436,GM,GOMBLE,3662
7437,AMI,Amnis Finance,4205
7444,POLLEN,Beraborrow,7215
7450,FHE,Mind Network,900
7453,CORN,Corn,799
7454,PUMP,PumpBTC (Governance token),1260
7458,ES,Eclipse,3057
7463,KERNEL,KernelDAO,812
7470,GIZA,Giza,5156
7485,PTC,Patic,7222
7493,LVVA,Levva Protocol,4081
7495,OVER,Overtime,4825
7497,SUP,Superp,2584
7499,OBOL,Obol,2042
7501,HYPER,Hyperlane,562
7528,ASTER,Aster,47
7635,B2,BSquared Network,523
7643,ART,ExchangeArt,7321
7644,HAEDAL,Haedal Protocol,961
7650,SATO,Sato The Dog,3358
7652,SHADOW,Shadow Exchange,2441
7663,CLND,Colend,5324
7664,MYX,MYX Finance,592
7681,LAIR,Lair Finance,5215
7689,SWPX,SwapX,7243
7694,RZR,Rezor,1774
7712,B,BUILDon,150
7716,RIZE,RIZE,1175
7730,SPK,Spark,299
7770,YND,YieldNest,7267
7776,ANTS,ANTSCOIN,7269
7781,PEPU,Pepe Unchained (New),2256
7787,RESOLV,Resolv,1009
7791,PRFI,PrimeFi,7276
7797,TRADOOR,Tradoor,981
7808,DUSD,StandX DUSD,374
7810,LIFE,Life,7282
7815,BULLA,Bulla,288
8008,CYC,Cycle Network,1417
8063,VX,Visa tokenized stock (xStock),2358
8081,PMX,Philip Morris tokenized stock (xStock),2720
8094,PAL,Palio,2979
8099,MOBY,Moby,1785
8103,FRAG,Fragmetric,3877
8118,TAKO,Tako,4594
8126,VELVET,Velvet,469
8143,TAC,TAC Protocol,1020
8146,RION,Hyperion,1186
8158,PTB,Portal To Bitcoin,1097
8172,BLACK,Blackhole,4372
8191,OPEN,OpenLedger,487
8213,TREE,Treehouse,1125
8226,RHEA,RHEA Finance,525
8257,IN,INFINIT,881
8262,K,Sidekick,3270
8270,DAM,Reservoir,2242
8643,mpDAO,Meta Pool,7372
8649,V,VaultRAM,2662
8660,HYPR,Hypr,3134
8661,JBC,JimmyBossCollective,5302
8662,OMFG,Omnipair,4685
8673,HEMI,Hemi,817
8674,FST,FreeStyle Classic,3896
8686,ADI,ADI,300
8687,DIEM,Diem,302
8697,MITO,Mitosis,1507
8710,MMT,Momentum,475
8713,PEG,PEPEGOLD,5366
8715,FOREST,Forest Protocol,1474
8720,MCH,Moonchain,1433
8723,CST,Crypto Sustainable Token,1411
8742,AVNT,Avantis,419
8766,RAIN,Rain,201
8773,AA,ARAI,1844
8774,STBL,STBL,761
8783,EVAA,EVAA Protocol,854
8797,BARD,Lombard,396
8799,DGN,Dragon Coin,7451
8801,RIVER,River,428
8802,TUNA,DefiTuna,3494
8805,ZBT,ZEROBASE,590
8824,KO,Kyuzo's Friends,2106
8839,TMX,TMX,2345
8841,FF,Falcon Finance,105
8857,GG,Knockout Games,2955
8863,2Z,DoubleZero,163
8878,P,PoP Planet,1566
8879,SLX,SLIMEX,2085
8880,FT,Flying Tulip,1606
8898,APR,aPriori,483
8906,NOVA,Nova,7431
8935,CLO,Yei Finance,789
8946,YB,YieldBasis,775
8953,ANOME,Anome,2068
8954,NPT,Neptune Cash,7445
8960,TURTLE,Turtle,1150
8968,ANVL,Anvil,4293
8980,HYDX,Hydrex,5142
8981,PIGGY,Piggycell,2184
8986,JET,JETMAX,7453
8989,COM,CoreonMCP,7486
8995,ON,Orochi Network,714
8996,LMTS,Limitless,1233
8999,CASH,Cash,4000
9007,MEGA,MegaETH,393
9012,SHIELD,Shield,7456
9046,KITE,Kite,101
9047,BAY,Marina Protocol,1279
9060,UTOPIA,Utopia,3077
9061,VOOI,VOOI,1548
9066,FOLKS,Folks Finance,443
9068,US,Talus,434
9069,8LNDS,8lends,4788
9084,STABLE,Stable,78
9105,LUCKY,B-Lucky,1800
9110,PHOTON,Photon,5168
9115,GAIB,GAIB,1282
9126,EDEL,Edel,553
9129,BOB,BOB (Build on Bitcoin),952
9136,DRG,DragonSwap,4519
9574,DSG,Despend,4673
9575,TRAIN,TrainCoin,3420
9598,UMBRA,Umbra,4508
9601,POWER,Power Protocol,764
9602,OEX,OracleX,7494
9607,MOT,Masters of Trivia,4625
9617,KNTQ,Kinetiq,252
9618,CYS,Cysic,609
9621,THQ,Theoriq,1728
9625,ALMANAK,Almanak,7503
9636,IR,Infrared,1948
9648,LV,LeverUp,1124
9654,RTX,RateX,894
9657,BTW,Bitway,203
9665,KDK,Kodiak Finance,4582
9670,VAM,Vitalum,401
9837,MPX,metapass,7604
9839,ZAMA,Zama,140
9847,PCT,PETCASHTOKEN,7524
9850,ROLL,RollX,867
9875,JACKSON,Jackson,4453
9876,EV,Everything,599
9888,SEAS,Seasons,4799
9920,INX,Infinex,905
9944,CL,Crude Oil Futures (Derivatives),7559
10032,RNBW,Rainbow,1284
10050,OPN,Opinion,983
10066,AVLT,Altura,7589
10067,YELLOW,YELLOW,1044
10102,HPL,HyperLend,4188
10112,DIME,Paradex,4599
10121,BLEND,Fluent,860
10148,VTx,Vanguard Total World Tokenised ETF (xStock),1920
10163,MEZO,Mezo,2159
10241,BASED,Based,828
10245,DUAL,Dual,4580
10250,UNT,UnityWallet,7636
10280,CHIP,USD.AI,272
10300,KAIO,KAIO,885
10305,RUJI,Rujira,784
10310,CTR,Citrea,740
10349,SWEETS,Anubis Chain,5181
10380,DAD,DADCOIN,7687
10386,ZEST,Zest Protocol,593
10387,USDi,USDi,4361
10507,RE,Re,292
10691,CAP,Cap,192
10706,ACP,Arena Competition Protocol (aof.global),4362
10713,GROVE,Grove,1189
10922,rCOIN,Coinbase Tokenized Stock (Reality),1588
10948,FLEX,Flex Ltd. Ordinary Shares (Derivatives),7800
11010,UNIC,UNI TOKEN (uniccrypto.com),4122
11042,SNOW,Snowflake Inc (Derivatives),7819
11067,ZTH,Zenith Protocol,3402
11070,AEON,AEON,896
11086,DAVINCI,The Bitcoin Bull,7812
11118,BRC,Brinc Finance,
11120,SSGTX,SafeSwap,
11122,PAPA,Papa DAO,
11123,TEMPO,TempoDAO,
11126,POPEN,OpenDAO,
11127,DIKO,Arkadiko,
11129,DFY,DefySwap,
11130,-,Wrapped,
11131,$XPAST,Xmas Past,
11132,SPI,SpicySwap,
11133,LIQR,TopShelf,
11134,PNDA,PandaSwap,
11135,ONES,OneSwap,
11138,-,FireDAO,
11139,MG,MFinance,
11143,GBEX,Globiance,3700
11146,-,MooniSwap,
11147,PORTX,ChainPort,7245
11148,FDT,FIAT DAO,
11149,BTRFLY,Redacted Protocol,
11150,ERP,Entropyfi,
11151,-,Chest Finance,
11152,EMBR,Embr Finance,
11154,THOREUM,Thoreum Finance,
11155,IFS,IFSwap,
11156,JAWS,AutoShark,
11157,BRNG,Bring.Finance,
11158,BABYPIG,BabyPig Finance,
11160,PALA,Pala,
11161,-,Algofi Lend,
11162,-,ErgoDEX,
11163,KAC,KACO Finance,
11164,AFRA,AfraSwap,
11166,NIOB,Niob Finance,
11167,ARA,Ara Finance,6301
11173,ASGARD,Asgard Dao,
11174,MAMA,Mama DAO,4618
11175,JOLLY,PirateDAO,
11176,VULTR,VultureSwap,
11177,CROW,Crow Finance,7067
11179,COUP,Coup Farm,
11180,CARIBOU,Caribou Finance,
11181,VIKING,AvaViking,
11182,SALEM,Salem Finance,
11183,METACRONO,MetaCrono,
11184,LEMON,LemonSwap,7710
11185,ZEU$,Zeus Finance,
11187,BUFF,Buffaloswap,
11188,CBRDOG,Cyber Dog,
11189,DEGG,DuckyDeFi,
11190,SFO,SunFlower Finance,
11192,TETHYS,Tethys AMM,
11193,BLANC,Avalps,
11194,MEAT,Hotpot Finance,8925
11195,BANKSY,Banksy Farm,8489
11196,FRENS,FTM Frens,
11197,EMERALD,Emerald Swap,
11198,SUS,Amogus DAO,9217
11199,NALIS,Koala Defi,
11200,WRA,WraithSwap,
11201,RBS,RobiniaSwap,
11202,SST,SocialSwap,
11204,NIIFI,NiiFi,
11205,TRICK,Trick or Treat Farm,
11206,GNIWS,Swing DAO,
11209,PSY,PsyOptions,5095
11210,BRL,AuroraSwap,
11212,DAIQUIRI,Tropical Finance,
11216,MIMAS,Mimas Finance,
11217,MAG,Magnet DAO,5930
11218,PKEX,PolkaEx,
11221,STN,StoneDefi,
11222,BOOFI,BooFinance,
11224,GMI,WagmiDAO,
11225,THO,ThorusFi,
11226,SAMODAO,SamoDAO,
11228,SRA,Sierra,
11230,NXM,Nexus Mutual,359
11232,AGO,AgoDefi,6569
11234,OIN,Oin Finance,
11236,SASHI,SashimiDAO,
11238,VESQ,Vesq,
11240,CREDIT,Creditum,
11243,WATERFALL,Waterfall Finance Yield,
11245,DUNE,DuneSwap,
11246,YUZU,YuzuSwap,
11247,STSW,StackSwap,
11249,PRXY,Proxy,
11252,HAKU,HakuSwap,
11253,DELTA,Delta Financial,
11254,BRIDGE,CrossChain Bridge,1880
11255,SFIN,FLRFarm,
11256,PAD,SmartPad,5545
11257,DSMART,SmartDEXBCH,
11258,WTF,fees.wtf,5226
11259,CRONO,Cronofi Finance,
11265,WEVE,veDAO,8354
11266,CHARM,OmniDex Swap,9062
11268,AGORA,Agora,8023
11269,RDL,Radial,
11270,MHF,Manhattan,
11272,ZIP,ZipSwap,
11275,ELITE,Guru Network Classic,
11276,IB,Iron Bank,6715
11277,BFR,Buffer Finance,
11278,VBRB,weBribe DAO,
11279,PROTO,ProtoFi,
11280,OXD,0xDAO,
11282,NRK,NoahArkDAO,
11284,UNIVERSE,UniverseFTM,2065
11285,MONEYRAIN,Moneyrain Finance,
11287,GTR,Alligator,
11288,MAGIK,Magik Finance AlgoStable,
11290,ASTRAL,Astral Farm,
11291,BELUGA,Beluga,
11293,VIVE,ViveLaBouje,
11294,WARP,Warp,5472
11295,PICKLE,Pickle,7541
11296,CROBLANC,Croblanc,
11298,FATFIRE,FATFIRE DEFI,
11300,TBILL,ThetaCash,
11301,FIELD,YieldFields,
11302,DOPE,Degen Haus,7830
11303,WIGO,WigoSwap,
11305,KNIGHTS,Knights of Fantom,
11307,CGT,CapitalDEX,
11308,RGT,Rari Capital,3851
11311,HXL,Hexal,
11312,NAR,Narwhalswap,
11314,HFC,Hotfriescoin,
11316,SYX,Symblox,
11318,SUPERMAN,Superman Swap,
11319,PIGS,Animal Farm V1,
11320,ANKH,Sahara Exchange,
11321,MAIA,Maia DAO,5781
11322,BRIGHT,Bright Union,
11323,WATERFALL,Waterfall BSC,
11325,ALGB,Algebra DEX,
11326,SLNA,Soluna,
11328,CHK,Polyquail,
11331,MYMINE,MyMine,
11332,ARSW,ArthSwap V2,
11333,KROM,Kromatika,3864
11335,FAST,Fastyield Finance,
11336,HARD,Kava Lend,5553
11337,LIZ,Lizard,
11339,UXP,UXD,
11340,PAPER,Scranton Finance,9084
11341,VGHST,GotchiVault,
11342,ARROWS,Cupid Farm,
11343,DRACHMA,Drachma,
11346,BLING,GemKeeper,
11347,GEMMINE,GemMine,
11348,DRACO,Draco Finance,
11349,$FISH,BabelFish,5417
11350,SWRV,Swerve,
11353,VOLTA,Volta DAO,
11355,MP,MiniPanther DAO,3607
11356,X2Y2,X2Y2,3002
11357,PSYS,PegaSys V2,
11358,NEWSPACE,NewSpace Finance,
11359,HAUNT,Cemetery Finance,
11360,SPECT,SpectreFi,
11361,FEAR,Nightmare Finance,7828
11362,LEAF,TreeHouse Finance,
11363,THEDON,The Don Finance,
11364,POLAR,Polaris Finance,7462
11366,KYRIOS,Kyrios Finance,
11367,VSTA,Vesta Finance,
11368,AELIN,Aelin,
11370,SEX,Solidex,
11371,CLA,ClaimSwap V1,
11373,ELFI,ELYFI,4213
11374,VS,ValleySwap,
11376,FRTM,Farmtom,
11377,POW,Pact,6756
11378,BUTT,BtnGroup,9147
11379,MAHA,MahaDAO Arth,8349
11380,GTON,GTON Capital,
11381,PHANTOM,Phantom Finance,
11382,XRAY,Xray Swap,
11384,V3S,V3S Finance,
11385,BASTILLE,BastilleDeLaBouje,
11386,FTP,Fountain Protocol,5937
11387,KBT,KlayBank,
11388,BPRO,B.Protocol,
11390,RELAY,RelayChain,
11391,GRAVE,Grave Finance,
11392,LAY,Starlay Finance,
11394,LAVAFALL,Lavafall,
11395,BRIDGE,Octus Bridge,
11403,RHINO,Rhino.fi,
11406,GRAIN,Granary Finance,
11408,BSTN,Bastion,
11409,CRX,CryptEx Locker,8679
11410,T42,Paraluni Masterchef,
11413,BETIFY,Gamblefi,
11414,COFI,CoFiX,
11415,EXC,Excalibur,1295
11417,JETMINE,JetMine DAO,
11418,JUMBO,Jumbo Exchange,
11419,CHAOS,Chaotic Finance,3995
11422,BAKS,BaksDAO,
11425,CLAY,ClaySwap,
11426,SOCIUS,Philetairus Socius,
11427,RIFI,Rikkei Finance,
11428,VIVA,Viva,3900
11429,STRDY,Sturdy V1,4456
11430,LOWCOST,LowcostSwap,
11431,HEBE,HebeSwap,
11432,APTR,Aperture LM,
11433,VALAS,Valas Finance,
11436,SHERPA,Sherpa Cash,
11439,PUZZLE,Puzzle Swap,
11448,SPHERE,Sphere Finance,6313
11450,RUBIK,RubikFarm,
11452,VIRTUE,The Idols,
11455,CRYSTAL,Crystalvale,8865
11459,AADA,Lenfi,
11464,STAKE1,Stake1,
11466,MOCKINGBIRD,Mockingbird,
11469,KGL,Kagla Finance,
11471,PES,Pegasusdollar,
11474,CNV,Concave,6929
11478,DLTA,DeltaTheta,
11480,JPGD,JPEG'd,
11482,IZA,Amaterasu Finance,
11484,ASX,Astar Exchange V2,3227
11490,AWAR,Astrowar Finance,
11492,LFT,LendFlare,2107
11500,BLID,Bolide,
11502,DDDX,DDDX,
11504,HTRE,Hodltree,
11506,VALUE,ValueDefi,8774
11508,EKL,Eklipse Finance,
11511,CHAM,ChampagneSwap,
11518,COVER,Cover Protocol,
11522,NR,Neuronswap,
11524,COMB,Comb Financial,
11526,VERSA,Versa Finance,6920
11528,STEAK,Steak,8768
11530,SRS,Sirius Finance,
11532,SCNR,Swapscanner Dex,
11534,BLUES,Blueshift,
11536,NORD,Nord Finance,
11542,DOUGH,PieDAO,
11545,FAIRY,FairySwap V1,
11547,TARINA,Tarina,
11553,DDD,Dot Dot Finance,10085
11557,ORU,Orcus Finance,
11565,GARD,GARD,
11569,SIENNA,SiennaSwap,
11571,UNBNK,Unbanked,
11576,SPECTRUM,Spectrumswap,
11583,FNX,FinNexus,
11588,AGS,AGS Finance,
11590,YUMI,Yumiswap,
11592,DOU,Double Club,
11593,PEA,PinkPea Finance,
11595,SMAK,Vortex Protocol,
11597,CLEV,CLever,4379
11599,ATID,AstridDAO,
11603,FNR,Fenrir Finance,
11609,BIOS,0x NODES,6545
11611,HUM,Hummus AMM,
11613,POLE,North Pole,
11616,IBASTR,ADAO,
11618,KOKOA,Kokoa Finance,
11620,KRONOS,KronosDAO,
11626,PEGA,Pegasus Finance,
11628,MESH,Meshswap,
11630,LAW,BlockNG,
11636,KETCHUP,Ketchup Finance,
11640,MUUU,Muuu Finance,
11642,EMBER,EmberSwap,
11648,SBX,Starbank,3511
11653,MAPLE,MapleDeFi,
11665,CLK,CatsLuck,
11667,DYST,Dystopia,
11678,KYO,Koyo Finance,
11688,BEND,BendDAO Lending V1,4844
11692,ESG,EcoDeFi,
11696,PSR,Pandora,
11701,MWAY,MilkyWay Protocol Milkomeda,
11707,INVT,Invariant,6854
11712,VRN,Varen,
11714,KOKOS,Kokonut Swap,
11716,VCX,VaultCraft,
11718,COUPON,Foodcourt,
11720,GIN,Gin Finance,
11724,ARGO,Argo Finance,
11731,MOLE,Mole,
11738,ZINAX,Zinax DAO,
11740,SPICE,Spice Trade,6530
11751,A51,A51 Finance V2,5822
11753,MYT,MyTrade,
11756,POPS,Swapsicle V1,
11758,ANA,Nirvana V1,707
11760,MNG,SaharaDAO,
11764,UNIDX,UniDex Perp,
11766,FIN,Optimus,7709
11776,PAY,Stipend,
11778,ORB,OrbitalSwap,
11780,KEFIR,KefirSwap,
11784,UNION,Union Protocol,
11786,INSURE,InsureDAO,
11788,KLAP,Klap,
11791,FATE,FATExFi,
11793,FRIN,Fringe V1,5933
11795,WASP,WanSwap Dex,5957
11803,ORACLE,Oracle Swap,7579
11806,TIDE,Surfswap Classic,
11808,XOXO,HunnySwap,6095
11814,POD,WhaleSwap,1012
11816,XY,XY Finance,
11817,KINT,Kintsugi,
11821,ZSP,Zest Protocol,
11823,ALGX,Algodex,
11827,JM,JustMoney,4014
11835,OVX,onAVAX,
11837,SHIFT,ShiftDollar,8718
11842,NAVA,Nava finance,4321
11844,HDG,Hedge,
11845,SUDO,Sudoswap V1,3041
11846,TIC,ElasticSwap,
11848,GDAO,Governor DAO,
11850,CLAW,DogeClaw,9977
11852,OCTANE,Octane Finance,
11861,VCS,Vacus Finance,
11864,MTTR,Matter Defi,
11869,DTO,DotOracle,
11876,SIO2,SiO2 Finance,
11877,MXS,MixSwap Finance,
11879,UNB,Unbound,
11886,OOKI,Ooki,6803
11892,BOURBON,Bourbon Defi,
11893,YODE,Yodeswap,9829
11897,STONE,Pangea Swap,
11899,MYC,Mycelium Perpetual Swaps,
11903,KIB,KibbleSwap,
11905,DOGMONEY,DogMoney,
11907,XGLI,Glitter Finance,
11908,DOGEPUP,DogePup,
11914,NONI,Fruits of Ryoshi,
11917,PSDN,H2Odata,
11919,CLEVER,Clever Protocol,
11921,KVS,Kanvas,
11929,ARBS,Arbswap AMM,
11935,DOGIUM,Dogium Farm,
11937,LIQD,Liquid Finance,
11940,INTR,Interlay BTC,
11941,WTFDOGE,WTFDOGE,
11944,SPIRIT,SpiritSwap Lending,6948
11949,MATRIX,CantoSwap,6702
11951,FLD,forlend,3490
11953,BNPL,BNPL Pay,6274
11963,KUMU,Kumu Finance,
11966,UNKWN,Unknown,
11967,ERROL,ElonSwap,
11968,XTK,xToken,
11969,FNDZ,FNDZ,
11971,USCD,Chocodoge,
11973,OSKY,OpenSky Finance,
11974,POWAA,Powaa Protocol,
11975,USF,Unslashed,
11976,DMUSK,DogeMuskSwap,
11978,PCY,Procyon,
11980,HECTA,Hectagon,
11981,AEQ,Aequinox,
11982,PUMPKIN,ScarySwap,7882
11983,YAXIS,yAxis,
11984,TITANO,Titano Swych,
11985,HOP,HopSwap,7570
11986,MLTPX,MoonLift,
11987,PYE,PYEswap,
11988,SMTY,Smoothy,5113
11989,WOJK,Wojak Finance,
11992,CORK,WinerySwap,
11993,P2E,Pls2e,
11994,HSWAP,HipPoWSwap,
11999,DCHF,DeFi Franc,
12000,ZRG,Zircon Gamma,
12001,DAS,DarkSwap,
12003,BLUSD,LUSD ChickenBonds,
12007,UBXT,SuperBots,
12008,EASE,Easedefi.org,
12009,OTP,OctoPow Finance,
12010,NUME,NumisMe,
12011,NEXT,Connext,
12012,CAKEW,CakeWSwap,
12014,KLEVA,Kleva Farm,3430
12015,GDEX,DexFinance BSC,
12016,GOFX,GooseFX V1,
12017,FTS,Fortress Loans,
12018,TEMPLE,TempleDAO Trade,440
12020,GOMINT,Algomint,
12021,APEFI,Ape Finance,
12023,REALP,Real Protocol,
12025,GRVS,Gravis Finance,
12026,VSP,Vesper,2841
12027,PRDT,PRDT,796
12028,TETU,Tetu Swap,7503
12030,WMX,Wombex Finance,
12031,HDL,Silo Protocol,
12032,PPR,PaperDAO,
12033,TNGBL,Tangible RWA,
12034,SPHRI,Spherium,
12037,HELI,HeliSwap,
12038,SEAN,Starfish Finance,
12040,SCULPT,Sculptor Finance,
12041,NFTFI,NFTfi,
12043,XCAL,3xcalibur,
12044,HMX,HMX,
12047,SPEX,Step Exchange,
12048,GMD,GMD Protocol,
12052,HOU,HoustonSwap,
12054,JULD,JulSwap,
12055,NOTE,Notional V2,3320
12058,TORR,InfiniTORR,
12061,REG,RealT RMM Marketplace,1931
12062,HEDGEHOG,Hedgehog,
12063,TANGO,Contango V1,2938
12065,CAMEL,Camel Farm,8560
12066,GENS,Genius Yield,
12067,TND,Tender Finance,
12068,QUARTZ,SandClock,3359
12070,KMX,KMex,
12071,DRF,Derify Protocol,
12072,GYD,Gyroscope Protocol,
12073,NEST,NestFi,2413
12074,TGR,Tegro Finance,
12077,UNIW,UniWswap UNIA Farms,
12079,NEP,Forthewin Network,
12080,LFI,LunaFi,1816
12082,WTFX,Waterfall DEX,
12083,FLAT,FlatCoin DEX,3985
12084,ARCD,Arcade.xyz,
12086,WPC,WePiggy,
12088,BAYMAX,BayMax,
12090,GETH,GETH,
12091,BUNNI,Bunni v1,
12093,WYND,WYND DEX,
12098,BNQ,BonqDAO,
12101,DPEX,DPEX,
12102,MOSOLID,Monolith,
12104,UMEE,Umee,
12105,ETERN,Eternal Finance,
12106,BASK,BasketDAO,
12108,D2O,DAM Finance,
12111,CASINO,casinocronos,
12114,VKA,Vaultka,
12115,USH,unshETH,6424
12117,BOC,Bank of Cronos Loans,
12120,POI$ON,POISON FINANCE,
12122,ORAIX,OraiDEX,6776
12125,GRB,Garbi Protocol,
12126,XDEX,XDeFi,
12128,GOL,Goledo,
12129,SHARKY,Sharky Swap,
12130,WASABI,Wasabix,3857
12132,ARBI,ArbiSwap,
12133,ESS,DSU Money,
12134,-ESS,Lockless Protocol,
12135,MUST,Cometh,6503
12136,PNEAR,Phoenix Bonds,
12138,WHYPAD,Unamano,
12139,KUN,QIAN,
12140,LEXE,LendeXe Finance,
12141,OSWAP,OSWAP Token,
12144,FINX,Finext Finance,
12145,ALYX,Alyx finance,
12146,DOGEWHALE,Dogewhale,
12147,PALMA,Palma Swap,
12148,PNS V2,PonySwap,
12149,WD,WaterDendy,
12150,ZUKE,ZukeSwap,
12151,FAY,FairySwap V2,
12152,PHNX,Phenix DEX,
12153,EPCT,Realms,
12154,PUZZLESWAP,Puzzle Lend,
12156,ONYX,OnyxDAO,
12158,SITH,SithSwap,
12159,SATIN,Satin Exchange,
12160,FLDX,Flair Dex,
12162,ZGEM,GemSwap,
12163,AC,ACoconut,7023
12164,COVO,Covo V2,
12165,LIQUIFY,Liquify,1726
12168,LEET,LeetSwap,
12169,ATF,Antfarm finance,3634
12170,NUON,NUON Finance,
12171,OT,Onchain Trade,
12174,HEC,Hector Lending,
12176,STABLZ,Stablz,
12178,GMC,GmCash,
12179,DUO,Monopoly Finance,
12180,POON,Spoon Exchange,
12181,AFI,AstroFi,
12184,FORGE,Forge SX Trade,
12185,FLN,SpaceDex,
12186,HLDR,Holdr,3058
12187,TPI,Tonpound,
12188,YAM,Yam Finance,
12189,ARBITEN,ArbiTen,
12190,SHD,ShadeSwap,3582
12191,CZRED,CZODIAC,
12192,SATCORE,SatoshiCoreSwap,
12197,BSN,Stakehouse,
12198,ITP,Interport Finance,1661
12199,SPIRAL,Spiral Fi Mixer,
12202,GDX,VanEck Gold Miners ETF (Derivatives),7873
12203,GLF,GLIF,
12204,MROCK,Moonbase Alpha,
12205,ZKFOX,zkFox,
12207,KLB,Kimberlite,
12209,SFT,SFT Protocol,
12210,AVART,Avatr,
12211,RF,ReactorFusion,
12212,ZOLID,Zolidly Finance,
12213,RBX,RabbitX,
12215,YTS,YetiSwap,
12216,ATE,Autoearn Finance,
12219,DMX,DAMX,4020
12220,SAPR,Swaprum,
12222,ITGR,Integral,6275
12223,ABE,Aboard Exchange,6991
12224,SLSD,Structured LSD,
12225,SWPR,Swapr V2,
12226,LSD,LSDx ETHx,
12228,VEAX,Veax CLMM,
12229,BLZE,BlazeStake,
12233,SMOVE,BlueMove DEX,
12234,CROS,CroSwap,
12235,AJP,Ajira Pay Finance V1,
12236,ARCHI,Archi Finance,6155
12237,GND,GND Protocol,
12239,SDY,Steadefi,
12240,HYFI,Hyper Finance,
12241,VEGA,Vega Protocol,5658
12243,ZKDLP,zkDX,
12244,FLIQ,FlashLiquidity,9928
12245,ASTRADAO,Astra DAO,8516
12247,ICR,Intercroneswap,
12248,ZKS,zkSwap Era,
12249,IPX,Interest Protocol-SUI,
12251,BOO,SpookySwap V2,
12252,KTC,KTX Perps,
12254,ACORE,Auto Core,8850
12255,ZWAP,ZilSwap,
12256,EAZY,EazySwap,
12257,FXDX,FXDX,
12258,CWFIL,HashMix FIL,
12259,BSWT,BaySwap,
12260,CROWD,CrowdSwap,5968
12261,Y2K,Y2K V2,
12263,SHD,stkd-SCRT,
12264,RAFT,Raft,
12265,QUIPU,QuipuSwap Stableswap,
12267,QUIPU,QuipuSwap V3,
12268,DUB,Dubble Exchange,7476
12269,FTHM,Fathom AMM,
12270,ZEND,zkLend,
12273,SWORD,eZKalibur,
12274,KANA,Kannagi Finance,
12276,BLSK,Basilisk,
12277,CARM,Carmine Options,
12278,STACK,Stacker Ventures,
12279,PEARL,Pearl V1,7711
12280,MLD,MonoLend,
12281,PLP,PairEx,
12282,VIPER,ViperSwap,5275
12283,TONI,Daytona Finance,
12284,PPDEX,PepeDex,8536
12285,GPLX,GPLX,
12286,GDL,Gondola Finance,
12289,KSP,KlaySwap V3,
12291,TMS,Themis Protocol,
12292,LITX,Litx,
12293,SEFI,SecretSwap,
12295,THS,Themis Staking,
12296,VEP,Veplus,
12297,SVY,Savvy,
12298,KZA,Kinza Finance,
12299,EQUAL,Equity,
12300,IBCX,IBCX,
12301,MPKEY,Key Finance,
12302,GHA,Ghast Protocol,
12303,PRTC,Protectorate Protocol,
12304,LE,leNFT,
12307,PRATE,Pulse Rate,
12308,PHUX,PHUX,
12310,RADT,Radiate Protocol,
12311,FOSSIL,Dinotopia Finance,
12312,COINSCOPE,Coinscope,
12313,ZKSP,zk-Swap,
12318,MARE,Mare Finance V2,
12319,FLTY,Fluity,
12320,CTLS,ChainTools,
12321,YIELD,YieldPulse Finance,6330
12322,COLA,ColaFactory,
12323,MBT,Magician MV,
12324,NEADRAM,The Ennead Farm,
12325,SWI,SwirlLend,
12326,MANT,MantleSwap,
12331,PULSESHIB,ShibShift,
12332,YOU,YouSwap,3632
12333,REAX,Reax Lending,
12334,FANG,Dracula Finance,
12335,SLOK,Sharelock,
12336,GDEX,dexSWAP,
12337,ZKB,ZKBase,
12338,FVM,FVM Exchange,
12339,AQU,Aquarius,
12340,LEND,Lendle Pooled Markets,1586
12342,YOGURT,Yogurt Finance,
12343,RETRO,Retro,
12344,MNLT,CrescentSwap,
12345,NAYM,Nayms,7668
12346,LINE,LINE Token,
12347,TETU,Tetu Pawnshop,
12350,ZKE,zkEra Finance,
12351,FXN,fx Protocol,3335
12353,ECP,EchoDEX V3,
12354,FLASH,Flashstake OLD,
12355,BOOBS,boobs.finance,
12356,SABLE,Sable Finance,5634
12357,ANTI,AntiHero Finance,7637
12358,KRAV,KRAV,2527
12360,ARS,Aquarius Loan,
12361,OCH,Orchai LST,5257
12362,PREON,Preon Finance,
12363,IKE,IceSwap,
12365,BASO,Baso Finance,
12367,LIEN,Lien,
12368,IMPLS,IMPLS,
12369,0101,Binary Swap,
12370,QUACKS,duckpools,
12371,ALP,ABEx Finance,
12372,NSURE,Nsure,6101
12373,BAS3D,BAS3D,
12375,FDEX,FourDex,
12377,COMFI,CompliFi,
12378,EGD,Energon DEX,
12379,MENDI,Mendi Finance,7187
12381,CHOCO,ChocoBase,
12383,YFX,YFX,
12384,IBEX,Impermax V2,4646
12385,CUAN,CuanSwap,
12386,AXV,Astrovault,
12387,FED,FeDex Finance,
12389,BAVA,Baklava Space,
12390,ZKS,ZKSwap,
12391,LOOT,Loot DAO,4199
12392,XOS,Xops Finance,
12393,ALTD,Altitude,
12394,CYG,CygnusDAO,
12395,MSWAP,MARSWAP,
12397,BASIN,Basin DAO,
12398,MSP,MVCSwap,
12400,SBASE,StableBase,
12402,PRISMA,PrismaLST,3055
12403,B3D,Base3D,
12404,LCNY,Alternity,
12405,FILDA,FilDA,
12407,SPARK,Sparkswap,4555
12408,CHEWY,ChewySwap,
12410,GOVI,CVI Finance,6068
12411,AMPH,Amphora,
12412,CUBI,CUBISwap,
12414,PLANT,PlantBaseSwap,
12415,NFI,Nether.Fi,
12416,VMEX,VMEX Finance,
12417,DACKIE,DackieSwap V2,
12418,W3K,w3bank,
12419,XBD,XBased,
12420,FLASHTOKEN,FlashPulse,
12421,TNGBL,Caviar Tangible,
12423,MOZ,Mozaic,
12424,HONO,Manga FI,
12425,INSUR,InsurAce,
12426,GAMMA,Gamma,
12428,RDP,Radpie,
12429,TPS,TProtocol V2,
12430,F3,Friend3,
12432,BASS,Bass Exchange,
12433,PHAME,PHAME Protocol,
12434,SCALE,Scale,
12435,GS,GammaSwap Classic,2445
12436,GLCR,Glacier Exchange V3,
12437,ACR,Ancora Finance,
12438,PHIAT,Phiat Protocol,
12439,VOID,TangleSwap,
12440,LAARI,Laari Finance,
12443,YFLOW,YieldFlow Yield Farming,
12444,BCFT,CockFights Game,
12446,TANGO,Contango V2,
12447,WILDX,Wild Base,
12448,RDMP,Redemption Finance,9505
12449,DEEPP,DeeppDAO,
12450,SF,Scrollswap Finance,
12451,CERUS,Monocerus,
12452,NANO,Nano Swap,6852
12457,FLC,Flooring Protocol,
12458,FLOOP,CaviarNine Shape Liquidity,
12459,OCI,Ociswap Basic,6441
12460,SIMP,Simps,9437
12461,DFX,DFX V2,6078
12463,PINKS,PinkSwap,
12464,PAPYRUS,Papyrus Swap,
12465,ENATA,Nata Network,
12466,ATROFA,Atrofarm,
12467,SCRIBE,Scribeswap,
12468,STATIX,Statix Farm,
12469,HYDT,HYDT Protocol,5241
12470,DYSN,Dyson Finance,
12471,KOKOMO,KokomoSwap,
12472,RAP,Realperp,
12473,SLUSH,Swapsicle V2,
12474,SPOOKY,Spooky Base,
12475,PED,Perseid Finance,
12476,EQU,Equation V1,
12477,QU,Quantum Unit,
12478,B2B,B2B,
12479,XAV,Xave Finance,
12480,QIJI,Mirakle Defi,
12482,KINE,Kine Finance,
12483,TORUS,Torus,4758
12485,GOK,Goku Money,
12486,TOMB,Tomb,
12487,T2T2,T2T2,
12488,DXL,Dexland,
12489,PATTIE,PattieSwap,
12490,FLOOP,CaviarNine Order Book,
12491,ELTK,Elektrik,
12492,DCE,Ducky City SOFI,
12493,MAKI,MakiSwap,
12494,CACAO,Maya Protocol,1143
12495,VMX,Voodoo Trade Base,
12496,NOTE,Notional V3,
12497,9INCH,9inch V2,
12498,SWEEPR,Sweep,
12500,SHEKEL,ShekelSwap,3837
12501,WIG,toupee.tech,
12502,PREMIA,Premia V2,
12505,XFIT,Xfai,
12506,DPX,Stryke CLAMM,
12507,GAB,Gable Finance,
12508,PARTICLE,Particles Money,
12509,HOV,Hover,
12510,AYIN,AYIN,
12512,WKN,Woken Exchange,
12513,AMPED,Amped Finance,7814
12514,HOPE,Firebird,
12515,CPA-97530,ArtCPAClub,
12519,DERI,Deri V4,3729
12520,AMU,Amulet V2,
12521,PYQ,PolyQuity,
12522,DFX,DFX V3,
12523,BFI,BearnFi,
12524,BREWLABS,BrewSwap,
12525,ISS,ISSUAA,
12527,CHRY,CherryLend,
12528,LUA,Lumi Finance,
12529,DETO,Detto Finance,997
12530,ASTRL,Astrolescent,4729
12531,GLORI,Glori Finance,
12532,WEFT,Weft V1,
12533,PANTHER,PantherSwap,
12534,TEDY,TeddySwap,
12536,SCOMP,Stablecomp,5861
12537,SPINAQ,SpinaqDex,
12538,D8X,D8X,
12594,A3A,3A,
12611,BBB,5bonacci,
12613,FIVE,5ive Privacy,4166
12835,APY,AgentiPy,
12857,AGUS,AGUS,
12885,AIL,AILayer Token,
12902,APUFF,Airpuff,
12940,RIN,Aldrin,7284
12993,PIE,Alpie,3648
13005,AMBT,Ambit Finance,
13031,AMPLY,AMPLY,9821
13048,ANGLE,ANGLE,5987
13093,APOLLO,Apollo AI,10015
13163,ARY,Aryoshin,9484
13171,SNAIL,a slow runner,8793
13174,ASO,Aso Finance,
13221,OMEN,Augury Finance,
13224,AURO,AURO Finance,7390
13247,AVO,Avo,2599
13355,BALN,Balanced,2137
13455,B4FWX,Be For FWX,4264
13482,BERO,Beradrome,
13633,BLASTUP,BlastUP,
13652,BCAP,Blockchain Capital,95
13682,BLB,Blueberry,5107
13903,BUNI,Bunicorn,
13942,ABRA,Cadabra Finance,
13958,CANA,CANA Holdings California Carbon Credits,
14185,CLARITY,CLARITY,8252
14186,FOLD,The Interfold,503
14338,CONV,Convergence,6579
14414,CROC,Crocodile Finance,
14508,CYB,Cyberperp,4572
14627,DFP2,DefiPlaza,4783
14633,DEF,deFusion,7121
14749,DSWAP,DiviSwap,6256
14751,DVY,Divvy.bet,4296
14915,DND,DungeonSwap,7997
14958,EGGS,Eggs Finance,4777
14978,EX,Elexium,675
15029,ENKI,ENKI Protocol,6046
15103,STRAT,ETH Strategy,1331
15169,FWA,Fake World Assets,1376
15319,FDX,Flex Perpetuals,7006
15338,FPT,Fluid Protocol,
15449,SAIL,Full Sail,7640
15457,FUS,Fuseon,
15529,GRDX,GarudaX,6316
15636,GLIDE,Glide Finance,
15816,GROYP,Groyper,2027
15856,UTS,Unitus,
15857,WAKA,Waka Finance,
15858,POOR,Poor Exchange,
15859,CERRA,Cerra,
15860,VRSW,VirtuSwap,
15862,ZEB,ZebraDAO,
15863,VEN,Venuswap,
15864,AMMX,BitSwap,
15865,IMTX,ImmortalX,
15866,SEILOR,Kryptonite,
15868,GYSR,Geyser,
15869,AMUN,Amun,
15870,DEEPR,Deepr Finance,
15871,HEXA,Hexaswap,6933
15872,LQDR,Liquid Driver,
15873,LILA,Lila Finance,8064
15874,BXH,BXH,
15875,HRA,Horiza,
15876,JLEND,JIBLEND,
15877,MINTY,Minterest,
15878,TRSY,Fyde Protocol,
15879,DOJO,Dojoswap LSD,
15880,BKPT,Biokript,
15881,PSM,Possum Finance,6997
15885,LEX,Lexer Markets,
15887,SWAMP,Swamp Finance,
15888,PINGU,Pingu Exchange,
15889,FAF,FlashTrade,
15890,SEF,Segment Finance,
15891,PIPI,Pippi,6986
15892,SYNO,SYNO Finance,
15894,RSTK,Restake Finance,5371
15895,HBR,Harbor Market,
15897,KPK,KPK,
15898,NAOS,NAOS Finance,5212
15899,POLTER,Polter Finance,
15900,SHUI,SHUI,
15901,GOA,Goat Protocol,
15902,ROUP,ROUP,
15904,STST,Satsat,
15905,KWL,KEWL EXCHANGE,
15906,PIZZAX,PizzaX,
15908,$KALEI,KaleidoCube,
15911,BD,BlastDEX,
15913,CBR,Cyberblast V3,
15915,THRUST,Thruster V2,
15916,JUICE,Juice Finance,7957
15917,ORBIT,Orbit Protocol,4911
15918,ROX,Roguex,6946
15920,BLNYAN,BlastNYAN,
15922,ETCPOW,ETCMC DEX,
15923,MUTO,Muito Finance,
15924,MPEPE,Miner PEPE,
15926,IX,illumineX,
15927,PRODUS,PRODUS,
15928,MADUCK,Maduck Club,
15929,NILE,Nile Legacy,
15930,CLEO,Cleopatra Legacy,
15932,NIFTSY,Envelop,
15933,DVD,DAOventures,
15934,CTEZ,ctez,
15936,FUNG,Fungify,
15940,SWYCH,Swych Perpetual,
15942,TORCH,Hercules V3,
15944,GRAND,The Grand Banks,
15949,JAY,Jaypeggers,4710
15950,DSWAP,DegenSwap,
15951,FP,Fren Pets,
15953,W3W,Web3.world,6573
15955,SCALES,SolidLizard Lending,
15957,COBRA,CobraSwap,
15959,FBUX,fMoney,
15961,EPOCH,Epoch Island,
15962,GLDGOV,Gold DAO,
15963,QR,Qrolli,4660
15965,FRTN,Ebisus Bay,
15966,SCREAM,Scream,
15969,INTRO,1INTRO,
15970,ODG,Open Dollar,
15971,NPTX,Neptunex,
15972,RDT,Ridotto,3188
15975,XRGB,XRGB,
15977,4550,Atlendis V2,
15982,NURI,Nuri CL,
15983,OST,OreSwap,
15984,RIVUS,Rivus DAO,
15985,KELL,Keller Finance V3,
15986,QNS,QuantoSwap,
15987,SMILE,bitSmiley,
15988,MXX,Multiplier,
15989,CETO,Ceto Swap,
15990,GRO,Gro,
15991,VIRI,Viridian Exchange,
15992,MINER,Miner ERCX,4351
15993,TENSOR,Tensor,1466
15994,LIX,Lixir Finance,
15995,GULL,GullNetwork AMM,
15996,VNL,Vanilla,
16000,NX,NX Finance,4201
16004,SPLASH,Splash Protocol,6493
16005,EARLY,Earlyfans,
16010,RSN,Rosen Bridge,
16013,BLADE,BladeSwap CL,
16016,CBL,Credbull,
16018,KODO,Kodo Exchange,
16021,SAKE,SakePerp,7941
16022,JLY,Jellyverse,7538
16024,YAPE,Yapeswap,7942
16026,NEW,NetWeave Vaults,
16027,OTSEA,OTSea,
16028,ZGT,zkFinance,
16029,KUS,KuSwap,
16030,TAIDOG,TaiDog,
16032,NFTX,NFTX,1861
16034,TENDIE,TendieSwap,
16035,HAR,Harmonix Finance,2215
16036,AX,Aurus,
16037,SUNNY,Sunny,
16038,SATX,Satoshi DEX,
16041,GEM,Opal DeFi,
16047,SHEZMU,Shezmu,
16048,PHO,Phoenix DeFi Hub,10169
16051,ELOCKS,eLOCKS,
16052,WTN,WaterNeuron,2629
16053,GRIM,Grim Finance,
16054,REYA,Reya Bridge,
16055,MESO,Meso Finance,
16056,SATURN,Saturn Swap,
16058,NELD,Nearlend DAO,
16060,LORE,Lore Finance,
16063,WAXDAO,WaxDAO,
16066,$H2,H2 Finance V3,
16071,IOL,IOLEND,
16073,ZP,Z Protocol Masterchef,
16075,TUN,Frost Finance,
16076,FEED,Feeder Finance,
16078,WRAP,Wrap Protocol,
16080,QBT,Qubit,
16081,KDAO,Kolibri,
16082,SIRS,Sirius,
16083,SUZ,Suzaku,3978
16087,CYF,CryptoYieldFocus,
16088,MULTEX,MultEX,
16089,CYCLE,Cycle Finance,
16090,TRUE,Trueo,2126
16091,ZABU,Zabu Finance,
16092,HBR,Harbor Liquid Staking,
16093,KST,KSwap Finance,
16096,SHADE,ShadeCash,
16098,KYROS,Kyros,3884
16099,AVE,Avaware,
16100,CBLP,Yamfore,
16101,NABLA,Nabla Finance,
16102,TWX,Twindex,
16104,ILIS,STAB Protocol,8563
16105,OPB,OpenDelta Perpetual Bond,
16106,TEDDY,Teddy Cash,4982
16108,LARIX,Larix,
16109,SENSI,Sensi,
16110,SMD,SwapMode V3,
16112,LQDX,reddex,6204
16113,CHURU,Catalist DEX,
16114,HYDRO,Hydrometer Finance,
16115,CHE,CherrySwap,
16116,INCA,IncaSwap,
16118,SACRA,Sacra,
16122,REL,Renec Lend,9413
16124,OMM,Omm,
16126,GUD,Gud.Tech,
16127,DFS,DFS Network,
16128,VIG,Vigor,9476
16131,GASP,Gasp,
16132,AG,SilverSwap,
16133,ANN,Annex,
16134,TREN,Tren Finance,
16135,ZVE,Zivoe,
16136,ZKCRO,Cronos zkEVM Bridge,
16137,SHAPE,Shape Bridge,3847
16140,SONE,SakeFinance,3418
16141,SQUIDS,SquidSwap,
16148,MCRN,MacaronSwap,
16150,SONUS,Sonus Exchange CLMM,
16151,SCIX,Scientix,
16152,CRDAO,Crunchy,
16154,WINK,WINK,
16156,LQE,Liqee,
16157,FUZZ,Fuzz Finance,
16158,BURR,BurrBear,
16159,CSS,Coinswap Space,
16160,LOCKS,Goldilocks,
16162,BLIS,Beralis V3,
16163,SNAKE,Snake Finance,5826
16164,BCAINE,Beracaine,
16165,MOND,Mondrian Swap,
16166,DREGG,The Dragon's Lair,
16168,ITG,iTrust Finance,
16169,NOME,NOME Protocol,
16171,SUMR,Lazy Summer Protocol,
16173,PILLS,Morpheus Swap,
16174,BATLAS,Beratlas Finance,
16175,DCAE,OneDollarDCAE,
16179,JPOW,JPOW AI,9322
16180,TIDAL,Tidal Finance,7122
16181,LHYPE,Looped Hype,1433
16183,MOBI,Mobius Money,
16185,PPEGG,Parrot Defi,
16186,STTX,Stout,
16188,UNX,Unchain X,2482
16189,TREX,Tea-REX,
16193,LUME,Lume Finance,
16197,RSUP,Resupply,1884
16198,JPG,JPG Store,
16201,LQD,LiquidOps,
16205,BODEGA,Bodega Market,
16206,ATARD,Tardly,
16207,ENCS,Encoins,
16209,HND,Hundred Finance,
16210,RAN,Rank Trading,
16212,RBF,Robots.Farm,
16213,NSBT,Neutrino,
16214,YAKA,Yaka V3,
16215,VEIL,Veil Cash,
16216,VIRES,Vires Finance,
16218,BLND,Blend Pools V2,
16219,METERA,Metera Protocol,7537
16220,SWOP,Swop,5666
16221,SENTBOT,Sentinel Trader Bot,
16223,MEAD,Roots,
16224,MAYZ,MAYZ Protocol,
16225,SWP,Kava Swap,
16226,GT3,GT3,
16227,TRAVA,Trava Finance,6981
16229,LAYR,Composable Finance,
16230,ARBIS,Arbi's Finance,
16232,DRE,Dre Finance,
16235,GLOOM,Gloom Finance,
16236,NEXU,Nexus Portal,
16238,JOLT,Jolt,
16240,SING,Singular Farm,
16241,HLP0,HLP0,
16243,BLIZZ,Blizzard,
16246,RIVER PTS,River4Fun,2564
16247,SYNC,SYNC Network,
16248,CBET,Cronos Bet,
16249,FMESO,Meso Finance Fantom Farm,
16250,ENTR,EnterDAO,
16252,XRISE,XRiSE33 Network,
16254,BUMP,Bumper Finance,
16256,GEIST,Geist Finance,
16257,NERI,Nerite,7080
16258,KOALA,KoalaSwap,
16259,LATTE,LatteSwap,
16260,PANG,Pangolin V3,
16261,ALK,Alkemi,
16262,PBG,PBG,
16263,SWAM,SwapMatic,
16265,AGF,Augmented Finance,
16266,PRINT,Print Protocol,7397
16267,ESW,EmiSwap,
16269,GLOOP,Gloop,10001
16271,KURA,KuraSwap Legacy,
16272,SAPPHIRE,Sapphire Defi,
16273,APO,Apollon,
16276,SDX,SoliDex Finance V3,
16277,CZB,TidalDex,
16279,DCA,Super DCA,
16280,ESTEEM,BetterBank,
16281,MIS,Artemis Protocol,
16282,TFY,Thirdfy,4666
16283,KITTEN,Kittenswap Algebra,
16286,COVE,Cove Protocol,
16287,OKF,OakFarm,
16288,JACE,JaceSwap,
16295,COLOR,ColorPool,
16296,SUSU,CarbonSwap,
16297,BUN,Bundles,8783
16298,DEFIDASH,Defidash Agent,
16299,HLSCOPE,Hamilton Lane Senior Credit Opportunities Securitize Fund,1745
16300,NIA,Somnia Exchange,7287
16301,UTY,XSY,1460
16302,MOTH,Moth Finance,7833
16304,SURF,Surf Liquid,
16305,FLEET,Fractit Fleet,
16307,JF,JSwap,
16308,UFARM,UniFarm,
16309,TINY,Tinyman,
16311,GRVT,Grvt Perps,
16313,VELAR,Velar Perps,
16315,YEL,Yel Finance,6268
16316,UPHL,Upheaval Spot AMM,
16317,JAGUAR,JaguarSwap,
16318,ZEAL,ZealousSwap,2475
16321,HYBR,Hybra V4,
16322,KALA,Kalata,
16325,MI4,Mantle Index Four Fund,
16327,WHLP,Wrapped HLP,2448
16328,JURIS,Juris Protocol,2396
16330,SHROOMY,Shroomy Protocol Swap,
16332,AEROSTRAT,Aerostrategy,
16333,PIKU,Piku Finance,
16335,COFFIN,Coffin Finance,
16337,AETHON,AethonSwap,
16338,SYSL,YSL.IO,
16340,STABUL,Stabull Finance,5946
16341,SPT,StakePoint,8945
16342,MACARON,Macaron.bid,
16344,PSWAP,Polkaswap,2632
16351,TYDE,TydeShift,
16353,OXE,Oxedium,9655
16356,LOG,CHOPCORP,
16357,BISON,BiShares,8313
16359,MGS,Megaswap,
16360,SCARE,ScareCrow Finance,
16362,ANCHOR,AnchorSwap,
16364,SNY,Synthetify,
16365,MIXOOR,Mixoor,7549
16366,BOUJE,Bouje Finance,
16367,SET,Stabilize,
16368,RIPE,Ripe Protocol,3871
16369,T4U,Ton4You,
16370,SIERRA,Sierra Protocol,
16373,SPRK,SparkDEX stFLR,
16374,GLORB,Glorb,
16375,HALAL,Defi Halal,
16377,PRTY,Parity DEX CL,
16378,OFF,Offshore Cash,
16379,ETCPOWV2,ETMCv2,
16380,PACA,Alpaca Dex,6076
16383,DBTC,MineBTC,
16384,NEKU,Neku,
16386,MURF,Murphy,
16387,TRANQ,Tranquil Finance,
16391,MENTO,Mento V3,
16392,TREB,Treble V2,
16395,ENNI,ENNI,
16396,PMI,PMI Protocol,
16397,APIARY,Apiary,
16398,LDY,Ledgity Yield,4635
16399,DMTP,Defimarketplus,
16400,KRILL,Polywhale Finance,
16404,DIRTY,Offshore Protocol,
16406,MDEX,Masterdex,
16408,BAGEL,Bagels Finance,
16411,BONZO,Bonzo Vaults,
16412,CLUTCH,Clutch Anvil AMM,
16414,KSKD,Kaskad,5043
16415,OLO,OolongSwap,
16416,KAL,Kal Mydas,
16417,TOPAZ,Topaz AMM,
16418,ADENA,Adena Finance,
16419,RUBI,Rubicon,4942
16420,ROTA,Rotera,
16421,ZZ,ZigZag,
16423,HDROME,Hyperdrome,
16426,VELK,Velkonix,7108
16429,YELD,PolyYeld Finance,
16430,ZLK,Zenlink AMM,
16432,KEBAB,Kebab Finance,
16433,EMPIRE,EmpireDEX,
16434,PURE,PureSwap,
16435,SIG,xSigma,
16436,BYZAN,Byzanlink RWA Markets,
16437,CCF,CashCow Finance,
16439,RVH,Ravenhood,4577
16440,HOODZ,HOODZ,
16442,FROTH,FrothSwap,
16443,SLVR,SLVR,4161
16444,FPUP,FantomPup,
16445,JACK,StableJack Perps,
16446,NIP,Catnip,
16447,IMF,IMF,
16453,STND,Standard Protocol Shiden,
16455,RVST,Revest Finance,4918
16456,SUTER,Suterusu,
16458,SWAPP,SWAPP,
16459,UNIREX,Unirex Finance,
16460,AXIAL,Axial,
16461,KLT,KLend,
16463,RISQ,Risq Protocol,
16464,PAUL,AliensFarm,
16465,PB,Piggybank DAO,
16466,SDOG,Snowdog,
16467,CGS,CougarSwap,
16469,POP!,Pop Town,
16471,UFT,Unilend V1,
16472,MASH,MarshmallowDeFi,
16475,CORIS,CorgiSwap,
16476,EXFI,Enosys AMM V2,
16477,WAIFU,SwapperChan,
16478,REVA,Revault,
16480,OH,Oh Finance,
16482,RCUBE,RetroDefi,
16483,KWIK,KwikSwap,
16484,GLB,BeGlobal Finance,
16485,KIMOCHI,Kimochi,
16487,PHOON,Typhoon Cash,
16488,CBO,CyborgSwap,
16489,KFT,Knit Finance,10005
16491,SUM,SumSwap,
16492,MELT,Defrost,
16493,FINIX,Definix,
16494,KLONX,Klondike Finance,
16495,LEON,LeonicornSwap,6764
16496,BUTTER,ButterSwap,
16497,PID,Pidao Finance,
16499,MAXI,Maximizer,7247
16500,GENESIS,Genesis Finance,
16503,MNFST,Manifest,
16504,BITANT,BitANT,
16505,PTP,Platypus Finance,7074
16507,SHI3LD,PolyShield,
16508,MONO,MonoX,
16510,QUBE,FlatQube,
16511,FLAME,Flame DeFi,
16513,1BCH,1BCH,
16516,NMS,Nemesis DAO,
16517,MD,MoonDao,3573
16519,BABL,Babylon Finance,
16523,WIS,WingSwap,
16524,NADO,Tornadao,
16525,KFC,ChickenSwap,
16526,PARTY,PartySwap,
16527,WANNA,WannaSwap,7147
16529,ARF,ArbiRise Finance,
16531,KRX,KryptoDex,
16532,UBQ,Ubiquity DAO,
21100,HWAVE,Hyperwave,4693
22417,NEPT,Neptune,4875
22608,OBS,Obsidian,
23054,PNDO,Pondo,3314
23432,RIFTS,Rifts Finance,8722
23539,RUSH,RUSH GAME,7585
23781,GOO,Silly Goose,5391
23813,RIP,skull with ripped hood,
23842,SMILEE,Smilee,5902
23874,SODA,SODAX (sodax.com),4522
24810,U1,Umbra [OLD],
25019,VIM,Vimen by Virtuals,4685
25064,VMINT,VoluMint,7269
25839,LOYAL,Loyal (askloyal),5397
25907,STONKBROKER,StonkBroker,1134
25952,LUTE,Alandale V2,
25984,WTH,What The Hook,
25985,QOMX,Qom X,
25986,HRUSD,HRUSD,
25987,FWS,Fake Wall Street,
26452,CYC,Cyclone Protocol,
26582,AURA,Global X Uranium aStock,
26617,LOCK,HoodLock,
26651,ION,Ionic Protocol,
26890,DUST,Pixie Dust,
27014,SKY,Skynet,
27023,SNOW,Snowswap,
27061,RIP,StockRip,
27168,UNO,Lunos,
27292,STONX,STONX,
27294,OIX,Orixium,
27337,ANTS,AntSeed,
27706,BOW,Longbow,
28070,RAPH,Raphael Exchange,
28080,TWO,Twofold,
28081,YRIS,Ilyris,
28162,EARN,EARN,
28238,PARE,Pare,
28309,UFG,United Founders Group,
28334,RBDX,RobinIndex,
28346,GAGE,Gage,
28348,PHERA,Phera DEX,
28354,TURRET,Turret,
28611,CATCH,Catch,
29942,GBLIN,Global Balanced Liquidity Index,
29943,WESO,WESO DeFi,
30045,XBOW,Crossbow Finance,
30141,RUSH,Sat Rush,
30226,KILTR,Kiltr,
30227,KICKER,kicker,
30228,ARCHERY,Archery,
30229,TART,TartSwap Aggregator,
30256,AEVA,Aeva,
30373,FUCI,Fuci,
30577,CHEQ3,CHEQ3,
30578,STOCKSS,Stockless,
30579,QTI,Quantillon Protocol,
30616,ARROWFARM,Arrowfarm,
26191,BTC,Bitcoin Base,3199
